ambition,conditionality,country_extension,exclude_hot_air,model,model_version,pathway_id,region,scenario,unit,variable,2000-01-01 00:00:00,2001-01-01 00:00:00,2002-01-01 00:00:00,2003-01-01 00:00:00,2004-01-01 00:00:00,2005-01-01 00:00:00,2006-01-01 00:00:00,2007-01-01 00:00:00,2008-01-01 00:00:00,2009-01-01 00:00:00,2010-01-01 00:00:00,2011-01-01 00:00:00,2012-01-01 00:00:00,2013-01-01 00:00:00,2014-01-01 00:00:00,2015-01-01 00:00:00,2016-01-01 00:00:00,2017-01-01 00:00:00,2018-01-01 00:00:00,2019-01-01 00:00:00,2020-01-01 00:00:00,2021-01-01 00:00:00,2022-01-01 00:00:00,2023-01-01 00:00:00,2024-01-01 00:00:00,2025-01-01 00:00:00,2026-01-01 00:00:00,2027-01-01 00:00:00,2028-01-01 00:00:00,2029-01-01 00:00:00,2030-01-01 00:00:00,2031-01-01 00:00:00,2032-01-01 00:00:00,2033-01-01 00:00:00,2034-01-01 00:00:00,2035-01-01 00:00:00,2036-01-01 00:00:00,2037-01-01 00:00:00,2038-01-01 00:00:00,2039-01-01 00:00:00,2040-01-01 00:00:00,2041-01-01 00:00:00,2042-01-01 00:00:00,2043-01-01 00:00:00,2044-01-01 00:00:00,2045-01-01 00:00:00,2046-01-01 00:00:00,2047-01-01 00:00:00,2048-01-01 00:00:00,2049-01-01 00:00:00,2050-01-01 00:00:00,2051-01-01 00:00:00,2052-01-01 00:00:00,2053-01-01 00:00:00,2054-01-01 00:00:00,2055-01-01 00:00:00,2056-01-01 00:00:00,2057-01-01 00:00:00,2058-01-01 00:00:00,2059-01-01 00:00:00,2060-01-01 00:00:00,2061-01-01 00:00:00,2062-01-01 00:00:00,2063-01-01 00:00:00,2064-01-01 00:00:00,2065-01-01 00:00:00,2066-01-01 00:00:00,2067-01-01 00:00:00,2068-01-01 00:00:00,2069-01-01 00:00:00,2070-01-01 00:00:00,2071-01-01 00:00:00,2072-01-01 00:00:00,2073-01-01 00:00:00,2074-01-01 00:00:00,2075-01-01 00:00:00,2076-01-01 00:00:00,2077-01-01 00:00:00,2078-01-01 00:00:00,2079-01-01 00:00:00,2080-01-01 00:00:00,2081-01-01 00:00:00,2082-01-01 00:00:00,2083-01-01 00:00:00,2084-01-01 00:00:00,2085-01-01 00:00:00,2086-01-01 00:00:00,2087-01-01 00:00:00,2088-01-01 00:00:00,2089-01-01 00:00:00,2090-01-01 00:00:00,2091-01-01 00:00:00,2092-01-01 00:00:00,2093-01-01 00:00:00,2094-01-01 00:00:00,2095-01-01 00:00:00,2096-01-01 00:00:00,2097-01-01 00:00:00,2098-01-01 00:00:00,2099-01-01 00:00:00,2100-01-01 00:00:00
high,U,2030,exclude,NDC Factsheet,12Nov2021a_CR,2021-11-09_1,World,2021-11-09_1__high__U__2030__exclude,Mt BC / yr,AR6 climate diagnostics|Infilled|Emissions|BC,11.010833993509577,10.925101282864476,10.839602814598187,10.7541043463319,10.66860587806561,10.58287316742051,10.49737469915422,10.411876230887934,10.326377762621645,10.240645051976545,10.155146583710255,10.069648115443966,9.98414964717768,9.898416936532575,9.81291846826629,9.72742,9.641921531733711,9.556188821088613,9.470690352822322,9.385191884556034,9.299693416289744,9.150843585155158,9.002400447548263,8.853957309941366,8.705514172334471,8.556664341199884,8.425580254855976,8.29449616851207,8.163412082168163,8.031968861341124,7.900884774997216,7.702206019172797,7.503527263348378,7.304304182165535,7.105625426341116,6.906946670516697,6.756982515459951,6.60660749970442,6.4566433446476745,6.3066791895909295,6.156715034534184,5.983078106609455,5.809915596520587,5.6367530864317175,5.463590576342849,5.289953648418121,5.142166349144828,4.994379049871535,4.846591750598242,4.698399554614611,4.550612255341319,4.504115477535122,4.4576186997289255,4.410994533490382,4.3644977556841855,4.318000977877989,4.252753644368735,4.187327551041648,4.122080217532393,4.05683288402314,3.9915855505138857,3.955770986058001,3.9200542756033614,3.8843375651487233,3.848620854694084,3.8128062902382,3.760606619201488,3.708406948164777,3.656207277128065,3.603864593293992,3.551664922257281,3.4968965933727865,3.4421282644882925,3.387209885387676,3.332441556503182,3.2776732276186875,3.2315975449463163,3.1853956275268978,3.1393199448545266,3.0932442621821554,3.0471685795097843,3.008052083340759,2.969042462844327,2.9300328423478943,2.891023221851462,2.851906725682437,2.8344758347684453,2.817044943854454,2.7996140529404623,2.7821354061609527,2.764704515246961,2.7522047878004634,2.7397050603539657,2.7271710870788475,2.71467135963235,2.7021716321858524,2.6736353551035847,2.6450208964402697,2.616484619358002,2.5879483422757343,2.559412065193466
high,U,2030,exclude,NDC Factsheet,12Nov2021a_CR,2021-11-09_1,World,2021-11-09_1__high__U__2030__exclude,Mt CH4 / yr,AR6 climate diagnostics|Infilled|Emissions|CH4,385.5488584721064,385.7174724161124,385.8856256662824,386.0537789164523,386.2219321666223,386.3905461106283,386.55869936079824,386.7268526109682,386.89500586113815,387.0636198051442,387.2317730553141,387.3999263054841,387.5680795556541,387.7366934996601,387.90484674983,388.073,388.24115325016993,388.409767194176,388.5779204443459,388.7460736945159,388.9142269446858,387.1779579095347,385.4464327788512,383.71490764816775,381.9833825174842,380.24711348233313,378.8498298609534,377.4525462395736,376.0552626181938,374.6541508225089,373.2568672011291,368.0768592131212,362.8968512251134,357.7026514343986,352.5226434463908,347.34263545838286,346.0850753517503,344.82406987496256,343.56650976833,342.3089496616974,341.0513895550648,339.7107019365423,338.3736773989447,337.0366528613472,335.6996283237496,334.3589407052271,332.181760244478,330.0045797837289,327.8273993229798,325.644253984256,323.4670735235069,318.9501029794151,314.4331324353233,309.9037866294669,305.3868160853751,300.86984554128327,298.1448179749462,295.4123245796603,292.68729701332325,289.9622694469862,287.23724188064915,284.04756318426064,280.866599456988,277.68563572971533,274.50467200244265,271.31499330605413,268.6432121106618,265.9714309152695,263.29964971987715,260.6205485760043,257.948767380612,256.0597169028538,254.1706664250956,252.27644046657645,250.38738998881823,248.49833951106007,244.80389169470843,241.09932210351752,237.404874287166,233.71042647081435,230.0159786544627,228.16846209149665,226.32599338799224,224.48352468448783,222.64105598098345,220.7935394180174,218.6110860197225,216.4286326214276,214.2461792231327,212.05774650045893,209.87529310216405,208.2144588686156,206.5536246350672,204.88824017074185,203.2274059371934,201.5665717036449,199.63005608617368,197.6882349464628,195.7517193289916,193.8152037115203,191.87868809404904
high,U,2030,exclude,NDC Factsheet,12Nov2021a_CR,2021-11-09_1,World,2021-11-09_1__high__U__2030__exclude,Mt CO / yr,AR6 climate diagnostics|Infilled|Emissions|CO,1012.7891818459776,1007.5494044129372,1002.3239433116812,997.0984822104252,991.8730211091691,986.6332436761288,981.4077825748728,976.1823214736168,970.9568603723608,965.7170829393206,960.4916218380644,955.2661607368084,950.0406996355524,944.800922202512,939.575461101256,934.35,929.124538898744,923.8847614657036,918.6593003644476,913.4338392631915,908.2083781619356,898.6423881698289,889.1025347624001,879.5626813549712,870.0228279475424,860.4568379554357,851.5434217536591,842.6300055518825,833.7165893501059,824.7787528299683,815.8653366281917,802.5049933418587,789.1446500555257,775.7477030889562,762.3873598026232,749.0270165162902,737.9384103928469,726.8194245265996,715.7308184031563,704.642212279713,693.5536061562697,679.1319601449997,664.749717538132,650.3674749312643,635.9852323243966,621.5635863131266,606.6760421159048,591.7884979186831,576.9009537214613,561.9726217319185,547.0850775346967,540.7828420312825,534.4806065278683,528.1611046258146,521.8588691224004,515.5566336189862,511.4626407558003,507.3574314738112,503.26343861062526,499.16944574743934,495.0754528842534,488.9105585185345,482.7625081264924,476.6144577344504,470.4664073424083,464.30151297668937,459.46988796358346,454.6382629504776,449.8066379373717,444.9617755954628,440.1301505823569,438.52134512871805,436.9125396750792,435.299326535266,433.6905210816272,432.08171562798833,429.6837749211456,427.2792645137363,424.8813238068936,422.4833831000509,420.0854423932082,415.59435291596185,411.1155341749921,406.6367154340224,402.1578966930526,397.6668072158062,396.8058063870909,395.9448055583756,395.0838047296603,394.22044499456496,393.35944416584965,394.4889059088191,395.61836765178856,396.7509238104922,397.8803855534617,399.00984729643113,393.7280390486866,388.431760093414,383.1499518456695,377.868143597925,372.5863353501804
high,U,2030,exclude,NDC Factsheet,12Nov2021a_CR,2021-11-09_1,World,2021-11-09_1__high__U__2030__exclude,Mt CO2 / yr,AR6 climate diagnostics|Infilled|Emissions|CO2|AFOLU,4300.0,4100.0,4400.0,5100.0,5400.0,4600.0,4200.0,4000.0,4000.0,3000.0,3000.0,3000.0,3000.0,3200.0,3200.0,3300.0,3800.0,3700.0,3600.0,3600.0,3500.0,3400.0,3300.0,3200.0,3100.0,3000.0,2900.0,2800.0,2800.0,2700.0,2600.0,2000.0,1800.0,1500.0,1300.0,1000.0,800.0,500.0,300.0,0.0,-200.0,-400.0,-500.0,-700.0,-800.0,-1000.0,-1200.0,-1300.0,-1500.0,-1600.0,-1800.0,-1924.950696344079,-2049.901392688158,-2175.194419707152,-2300.145116051231,-2425.09581239531,-2517.805916860682,-2610.7700216122603,-2703.480126077632,-2796.1902305430035,-2888.900335008376,-2910.8620694938536,-2932.7637992403,-2954.6655289867467,-2976.5672587331933,-2998.5289932186715,-3008.683827936882,-3018.838662655093,-3028.993497373304,-3039.1761535564965,-3049.330988274707,-2971.710571935985,-2894.090155597264,-2816.2570805836413,-2738.63666424492,-2661.016247906198,-2658.513264295189,-2656.0034231948352,-2653.5004395838264,-2650.997455972818,-2648.494472361809,-2633.853404470169,-2619.252339496266,-2604.6512745223627,-2590.0502095484594,-2575.4091416568194,-2580.614009081998,-2585.818876507177,-2591.023743932356,-2596.2428712682886,-2601.447738693468,-2601.066071779122,-2600.6844048647768,-2600.3016922876523,-2599.920025373307,-2599.5383584589617,-2572.723001553955,-2545.8341779177013,-2519.0188210126944,-2492.203464107687,-2465.38810720268
high,U,2030,exclude,NDC Factsheet,12Nov2021a_CR,2021-11-09_1,World,2021-11-09_1__high__U__2030__exclude,Mt CO2 / yr,AR6 climate diagnostics|Infilled|Emissions|CO2|Energy and Industrial Processes,30630.236034502672,30964.5768651966,31298.00419635311,31631.431527509623,31964.85885866613,32299.19968936006,32632.62702051657,32966.05435167308,33299.481682829595,33633.82251352352,33967.24984468003,34300.67717583654,34634.104506993055,34968.44533768698,35301.87266884349,35635.3,35968.727331156515,36303.06816185044,36636.49549300695,36969.92282416346,37303.350155319975,37567.933648091326,37831.79423514472,38095.654822198114,38359.51540925151,38624.09890202286,38686.27293886806,38748.44697571327,38810.62101255847,38872.96538923065,38935.13942607585,39008.66954687956,39082.199667683264,39155.93124087273,39229.46136167643,39302.99148248014,39321.97423201097,39341.00898907477,39359.9917386056,39378.97448813643,39397.95723766727,39221.35669419209,39045.23866586301,38869.120637533946,38693.00260920487,38516.40206572969,38669.5064516642,38822.61083759871,38975.71522353322,39129.23907353878,39282.34345947329,38831.76254944721,38381.18163942113,37929.3662611484,37478.78535112232,37028.20444109624,36412.916706797725,35795.943252679215,35180.65551838071,34565.36778408219,33950.080049783675,33468.58139565212,32988.398311613826,32508.21522757553,32028.03214353723,31546.53348940568,30959.99356864736,30373.45364788904,29786.913727130715,29198.766847685383,28612.226926927066,28198.6322519378,27785.03757694854,27370.30976586341,26956.71509087416,26543.12041588489,25797.73148639116,25050.30039544676,24304.911465953017,23559.52253645928,22814.133606965544,22250.90432822524,21689.213927295707,21127.52352636617,20565.833125436635,20002.603846696333,19299.269153034365,18595.9344593724,17892.599765710434,17187.338127682273,16484.003434020306,16327.944438193064,16171.88544236582,16015.398887645904,15859.33989181866,15703.280895991418,15158.94233020016,14613.112425872489,14068.773860081228,13524.43529428997,12980.096728498713
high,U,2030,exclude,NDC Factsheet,12Nov2021a_CR,2021-11-09_1,World,2021-11-09_1__high__U__2030__exclude,Mt NH3 / yr,AR6 climate diagnostics|Infilled|Emissions|NH3,58.96177787581828,59.38381830243819,59.80470561313838,60.22559292383857,60.64648023453876,61.06852066115867,61.48940797185886,61.91029528255905,62.33118259325924,62.75322301987915,63.17411033057934,63.59499764127953,64.01588495197971,64.43792537859963,64.85881268929981,65.2797,65.7005873107002,66.1226277373201,66.5435150480203,66.96440235872048,67.38528966942067,67.3069189711149,67.22876240040011,67.15060582968533,67.07244925897055,66.99407856066478,67.054964675559,67.11585079045325,67.17673690534748,67.23778983151541,67.29867594640965,67.39756159780461,67.49644724919956,67.59560382018739,67.69448947158234,67.79337512297731,67.70856782419365,67.62352817664619,67.53872087786253,67.45391357907886,67.3691062802952,67.54975125528976,67.72990266477889,67.910054074268,68.09020548375713,68.2708504587517,68.24025712625617,68.20966379376064,68.17907046126511,68.14839331142028,68.11779997892475,67.73303009119655,67.34826020346836,66.96243615166419,66.577666263936,66.1928963762078,65.90856389393952,65.62345241856913,65.33911993630086,65.05478745403258,64.7704549717643,64.58843161629773,64.40690559240346,64.22537956850921,64.04385354461495,63.86183018914838,63.84823251435604,63.8346348395637,63.82103716477136,63.80740223607548,63.793804561283146,63.62538837609242,63.4569721909017,63.288094591504986,63.11967840631426,62.95126222112354,62.48123051545082,62.00991105168036,61.53987934600763,61.069847640334906,60.59981593466218,60.30821989244164,60.01742056071895,59.72662122899628,59.4358218972736,59.14422585505305,59.01598500402903,58.88774415300501,58.759503301980985,58.63091110615965,58.50267025513562,58.133686146018206,57.76470203690079,57.394707012415935,57.02572290329852,56.65673879418111,56.60238030440984,56.54787288726933,56.49351439749805,56.43915590772679,56.38479741795551
high,U,2030,exclude,NDC Factsheet,12Nov2021a_CR,2021-11-09_1,World,2021-11-09_1__high__U__2030__exclude,Mt NOx / yr,AR6 climate diagnostics|Infilled|Emissions|NOx,174.56957794193215,173.2970564002736,172.02801169342834,170.75896698658306,169.48992227973778,168.21740073807925,166.94835603123397,165.67931132438872,164.41026661754344,163.1377450758849,161.86870036903963,160.59965566219435,159.3306109553491,158.05808941369054,156.7890447068453,155.52,154.25095529315473,152.9784337514962,151.70938904465092,150.44034433780567,149.1712996309604,147.12131508152228,145.0769315827657,143.03254808400914,140.98816458525255,138.93818003581444,137.07970812523456,135.22123621465468,133.3627643040748,131.49920068963033,129.64072877905045,127.5146735084762,125.38861823790198,123.25673815836726,121.13068288779304,119.0046276172188,117.34162852545188,115.67407327178972,114.0110741800228,112.34807508825588,110.68507599648896,107.76598999028684,104.8548796289104,101.94376926753398,99.03265890615756,96.11357289995544,94.0325853613826,91.95159782280976,89.87061028423692,87.78392140994197,85.70293387136913,85.11386759242265,84.52480131347616,83.9341211543134,83.34505487536691,82.75598859642044,81.94827216488484,81.138342811619,80.3306263800834,79.52290994854779,78.7151935170122,77.45513891241322,76.19852707995794,74.94191524750268,73.6853034150474,72.42524881044842,71.30051219622,70.17577558199157,69.05103896776313,67.92322088335874,66.79848426913031,65.84602197881625,64.8935596885022,63.93848791246124,62.98602562214717,62.03356333183312,60.94688213541616,59.8572237302419,58.77054253382494,57.68386133740798,56.59718014099103,55.54878841685844,54.50326115098849,53.45773388511856,52.41220661924862,51.36381489511602,50.60531949374467,49.846824092373325,49.088328691001976,48.32775522003783,47.56925981866648,47.2225427377689,46.875825656871314,46.52815866616305,46.18144158526547,45.83472450436789,45.41426989818751,44.99266336157925,44.57220875539888,44.15175414921852,43.73129954303815
high,U,2030,exclude,NDC Factsheet,12Nov2021a_CR,2021-11-09_1,World,2021-11-09_1__high__U__2030__exclude,Mt OC / yr,AR6 climate diagnostics|Infilled|Emissions|OC,39.31098778024016,39.0060442636189,38.70193392600479,38.39782358839069,38.0937132507766,37.78876973415533,37.48465939654123,37.18054905892713,36.87643872131303,36.571495204691765,36.26738486707767,35.96327452946357,35.65916419184946,35.354220675228206,35.0501103376141,34.746,34.441889662385904,34.13694614576464,33.83283580815054,33.52872547053644,33.22461513292234,32.94087786550874,32.657915836530705,32.374953807552664,32.091991778574624,31.808254511161028,31.389157646749776,30.97006078233852,30.55096391792727,30.130718842928587,29.711621978517336,29.28855849529163,28.86549501206592,28.44127245080397,28.018208967578268,27.59514548435256,26.987064126754763,26.377316792834776,25.76923543523698,25.161154077639186,24.55307272004138,24.213220917009497,23.8742976708165,23.535374424623505,23.196451178430507,22.856599375398623,22.464695062172737,22.07279074894685,21.680886435720968,21.287908412047887,20.896004098822,20.72819041372516,20.56037672862832,20.392103280010662,20.22428959491382,20.05647590981697,19.85478961880862,19.65255076261942,19.450864471611062,19.24917818060271,19.04749188959435,18.8831744010462,18.71930586738478,18.55543733372337,18.39156880006196,18.2272513115138,18.13346753659843,18.039683761683065,17.9458999867677,17.85185927000325,17.758075495087883,17.774657025025604,17.791238554963325,17.807865513750194,17.824447043687915,17.841028573625636,17.735449084620907,17.62958033674219,17.52400084773746,17.418421358732733,17.312841869728004,17.210991936829135,17.109420282435455,17.007848628041778,16.906276973648097,16.80442704074923,16.807162609334547,16.809898177919866,16.81263374650518,16.815376809798952,16.81811237838427,16.775664599118763,16.73321681985325,16.690652745302085,16.648204966036573,16.605757186771065,16.46454603311531,16.322947999586532,16.18173684593078,16.04052569227503,15.899314538619276
high,U,2030,exclude,NDC Factsheet,12Nov2021a_CR,2021-11-09_1,World,2021-11-09_1__high__U__2030__exclude,Mt SO2 / yr,AR6 climate diagnostics|Infilled|Emissions|Sulfur,129.81748457590012,127.87716456225176,125.94214596940569,124.00712737655962,122.07210878371356,120.1317887700652,118.19677017721916,116.26175158437309,114.32673299152702,112.38641297787863,110.4513943850326,108.51637579218657,106.58135719934047,104.64103718569211,102.70601859284606,100.771,98.83598140715394,96.89566139350558,94.96064280065951,93.02562420781344,91.0906056149674,89.12077859031298,87.15633360670954,85.19188862310608,83.22744363950264,81.25761661484822,79.48135773421663,77.70509885358504,75.92883997295345,74.14771462963522,72.37145574900363,69.99771579927385,67.62397584954405,65.24373250269171,62.86999255296193,60.49625260323214,59.22553788483728,57.95134175625504,56.68062703786018,55.40991231946532,54.13919760107046,52.971864818970296,51.80772147070101,50.64357812243173,49.47943477416244,48.31210199206228,47.01418317669151,45.716264361320746,44.418345545949975,43.11687078861929,41.81895197324852,40.975368375356034,40.13178477746355,39.28588999163164,38.44230639373915,37.59872279584667,37.05994430504199,36.519689708783055,35.980911217978374,35.4421327271737,34.90335423636902,34.16261373019227,33.42389710517993,32.6851804801676,31.946463855155265,31.20572334897852,30.539015823621327,29.872308298264137,29.205600772906944,28.53706665158987,27.87035912623268,27.32270978129794,26.7750604363632,26.225910682264256,25.67826133732952,25.130611992394776,24.34943365492221,23.56611510282644,22.78493676535388,22.00375842788132,21.222580090408755,20.6401800932704,20.059371352954827,19.47856261263925,18.89775387232368,18.315353875185323,18.000847851346766,17.686341827508212,17.371835803669654,17.056468119491818,16.74196209565326,16.340175164229407,15.93838823280555,15.535500515268208,15.133713583844353,14.731926652420498,14.54329314155848,14.354142826557116,14.1655093156951,13.976875804833082,13.788242293971065
high,U,2030,exclude,NDC Factsheet,12Nov2021a_CR,2021-11-09_1,World,2021-11-09_1__high__U__2030__exclude,Mt VOC / yr,AR6 climate diagnostics|Infilled|Emissions|VOC,252.56068768280613,250.86958680821093,249.18310642780864,247.49662604740632,245.810145667004,244.11904479240883,242.4325644120065,240.74608403160423,239.0596036512019,237.3685027766068,235.6820223962044,233.9955420158021,232.3090616353998,230.6179607608046,228.93148038040232,227.245,225.5585196195977,223.8674187450025,222.1809383646002,220.4944579841979,218.8079776037956,216.32518987080263,213.8491857108507,211.3731815508987,208.89717739094672,206.4143896579538,203.6178307534959,200.821271849038,198.0247129445801,195.22049223490453,192.42393333044663,189.94069992336875,187.45746651629085,184.9674297300155,182.4841963229376,180.00096291585973,177.46929938745944,174.9306997945978,172.39903626619747,169.86737273779718,167.3357092093969,163.5435470871403,159.7617460635784,155.97994504001647,152.19814401645456,148.40598189419796,146.48881658699707,144.57165127979616,142.65448597259527,140.7320681577034,138.8149028505025,138.56192737915424,138.30895190780598,138.05528335297456,137.8023078816263,137.54933241027803,136.378111660013,135.20368208577463,134.03246133550957,132.86124058524453,131.6900198349795,130.58046137653585,129.47393449857978,128.3674076206237,127.2608807426676,126.15132228422398,125.173186139685,124.19504999514604,123.21691385060709,122.23609788101456,121.2579617364756,120.05987285783392,118.86178397919224,117.66041266526662,116.46232378662496,115.26423490798328,113.92930031350816,112.59070836397969,111.25577376950456,109.92083917502944,108.58590458055431,106.4307291426404,104.28144216220709,102.13215518177378,99.98286820134048,97.82769276342654,98.3069413244571,98.78618988548764,99.2654384465182,99.746000017305,100.22524857833557,100.4220075964412,100.61876661454684,100.81606469845548,101.01282371656112,101.20958273466675,100.72826650606817,100.24563160287066,99.76431537427206,99.28299914567344,98.80168291707484
high,U,2030,exclude,NDC Factsheet,12Nov2021a_CR,2021-11-09_1,World,2021-11-09_1__high__U__2030__exclude,kt C2F6 / yr,AR6 climate diagnostics|Infilled|Emissions|PFC|C2F6,-1.7912518211679156,-1.5667184817725046,-1.34279862144648,-1.1188787611204554,-0.8949589007944303,-0.6704255613990193,-0.4465057010729947,-0.22258584074697,0.0013340195790545,0.2258673589744655,0.4497872193004903,0.673707079626515,0.8976269399525396,1.1221602793479506,1.3460801396739754,1.57,1.793919860326025,2.018453199721436,2.2423730600474605,2.466292920373485,2.6902127806995098,2.5467769868030445,2.4037330939828,2.2606892011625543,2.117645308342309,1.974209514445844,1.7800156529050062,1.585821791364168,1.3916279298233305,1.196902030305668,1.0027081687648305,0.9796270418289936,0.956545914893157,0.9334015519931126,0.910320425057276,0.8872392981214393,0.8497885305482009,0.812235158132296,0.7747843905590576,0.7373336229858192,0.6998828554125807,0.6803304389743597,0.6608314444389756,0.6413324499035914,0.6218334553682072,0.6022810389299863,0.5910994903239022,0.5799179417178181,0.568736393111734,0.5575242101259072,0.5463426615198231,0.5169089813361236,0.4874753011524241,0.4579609807490432,0.4285273005653437,0.3990936203816442,0.3687232591098673,0.3382696913688528,0.307899330097076,0.2775289688252992,0.2471586075535223,0.2413111728135557,0.2354797146712392,0.2296482565289228,0.2238167983866063,0.2179693636466396,0.2068287419051756,0.1956881201637115,0.1845474984222475,0.1733763544294369,0.1622357326879729,0.1555915535386542,0.1489473743893354,0.1422849920094706,0.1356408128601519,0.1289966337108332,0.1184717958372951,0.1079181227915007,0.0973932849179625,0.0868684470444244,0.0763436091708863,0.07180842123398,0.0672856245209451,0.0627628278079101,0.0582400310948752,0.0537048431579689,0.0500760556306714,0.0464472681033738,0.0428184805760763,0.0391797511651423,0.0355509636378447,0.0355437772439867,0.0355365908501286,0.0355293847675203,0.0355221983736622,0.0355150119798042,0.0345455222562915,0.03357337639655,0.0326038866730373,0.0316343969495246,0.0306649072260119
high,U,2030,exclude,NDC Factsheet,12Nov2021a_CR,2021-11-09_1,World,2021-11-09_1__high__U__2030__exclude,kt C6F14 / yr,AR6 climate diagnostics|Infilled|Emissions|PFC|C6F14,0.6992915260960717,0.6759586736501578,0.6526895721672109,0.6294204706842639,0.606151369201317,0.5828185167554032,0.5595494152724563,0.5362803137895094,0.5130112123065624,0.4896783598606484,0.4664092583777015,0.4431401568947546,0.4198710554118077,0.3965382029658938,0.3732691014829469,0.35,0.326730898517053,0.3033980460711392,0.2801289445881922,0.2568598431052453,0.2335907416222984,0.2289938049289125,0.2244094281718475,0.2198250514147824,0.2152406746577173,0.2106437379643315,0.2020001555585401,0.1933565731527488,0.1847129907469575,0.1760457272934791,0.1674021448876878,0.1671660029200063,0.1669298609523248,0.1666930720203483,0.1664569300526668,0.1662207880849853,0.16704622249584,0.1678739183708341,0.1686993527816889,0.1695247871925436,0.1703502216033984,0.1695298986267148,0.1687118169696396,0.1678937353125645,0.1670756536554893,0.1662553306788057,0.1672399025343279,0.1682244743898502,0.1692090462453724,0.1701963155580331,0.1711808874135554,0.1636355329421029,0.1560901784706504,0.1485241517951666,0.1409787973237141,0.1334334428522617,0.1266713596128328,0.1198907501179535,0.1131286668785247,0.1063665836390959,0.099604500399667,0.0977766503496989,0.0959537944255503,0.0941309385014018,0.0923080825772532,0.0904802325272851,0.0869945844651739,0.0835089364030628,0.0800232883409517,0.0765280905581224,0.0730424424960113,0.0712871724974404,0.0695319024988695,0.0677718235413983,0.0660165535428274,0.0642612835442565,0.061835516818865,0.0594031041572396,0.0569773374318482,0.0545515707064567,0.0521258039810653,0.0504248420290284,0.0487285275140189,0.0470322129990094,0.0453358984839999,0.043634936531963,0.0424273613402003,0.0412197861484375,0.0400122109566748,0.0388013273397291,0.0375937521479664,0.0374870708025028,0.0373803894570392,0.0372734158339168,0.0371667344884532,0.0370600531429896,0.0359902240381989,0.0349174638947649,0.0338476347899742,0.0327778056851835,0.0317079765803928
high,U,2030,exclude,NDC Factsheet,12Nov2021a_CR,2021-11-09_1,World,2021-11-09_1__high__U__2030__exclude,kt CF4 / yr,AR6 climate diagnostics|Infilled|Emissions|PFC|CF4,6.063164507126388,6.384256894494839,6.704471980258458,7.024687066022077,7.344902151785696,7.665994539154147,7.986209624917766,8.306424710681384,8.626639796445003,8.947732183813454,9.267947269577071,9.588162355340692,9.90837744110431,10.229469828472762,10.54968491423638,10.8699,11.19011508576362,11.51120747313207,11.831422558895689,12.151637644659306,12.471852730422926,12.122789580065662,11.774680154162928,11.426570728260192,11.07846130235746,10.729398152000195,10.3236501660008,9.917902180001402,9.512154194002006,9.105294569684805,8.699546583685407,8.506276563967592,8.31300654424978,8.119207017628629,7.925936997910814,7.732666978192999,7.63540662338639,7.537879801854283,7.440619447047673,7.343359092241064,7.246098737434455,7.231825699004461,7.217591657947227,7.203357616889992,7.189123575832758,7.174850537402764,6.914552245762085,6.654253954121405,6.393955662480725,6.132944224835551,5.872645933194871,5.598418937800222,5.324191942405573,5.0492136401742265,4.7749866447795775,4.5007596493849285,4.429353141050795,4.357750998447253,4.28634449011312,4.214937981778986,4.1435314734448525,3.935227855965048,3.7274933740521297,3.51975889213921,3.3120244102262912,3.103720792746487,3.063085533294971,3.022450273843454,2.981815014391938,2.941068425462472,2.900433166010956,2.751576764489853,2.6027203629687503,2.453456135690056,2.304599734168953,2.1557433326478503,2.067184341869736,1.9783827237196263,1.889823732941512,1.8012647421633972,1.7127057513852826,1.6582279018816974,1.6038988989614555,1.5495698960412136,1.4952408931209715,1.4407630436173866,1.4136387838761733,1.3865145241349597,1.3593902643937463,1.332191691612146,1.3050674318709323,1.265380705931763,1.2256939799925934,1.1858985232974262,1.1462117973582566,1.106525071419087,1.119731792432077,1.1329746962423632,1.1461814172553533,1.1593881382683435,1.1725948592813336
high,U,2030,exclude,NDC Factsheet,12Nov2021a_CR,2021-11-09_1,World,2021-11-09_1__high__U__2030__exclude,kt HFC125 / yr,AR6 climate diagnostics|Infilled|Emissions|HFC|HFC125,-49.152983398356426,-40.60628664278087,-32.08294151768503,-23.5595963925892,-15.036251267493355,-6.489554511917802,2.0337906131780272,10.557135738273873,19.080480863369708,27.62717761894526,36.1505227440411,44.67386786913693,53.19721299423277,61.74390974980832,70.26725487490415,78.7906,87.31394512509584,95.86064188067138,104.38398700576722,112.90733213086308,121.4306772559589,121.65749314055128,121.88368930961197,122.10988547867268,122.33608164773338,122.56289753232576,122.10612445265213,121.6493513729785,121.19257829330488,120.73455378053626,120.27778070086264,120.6028224466562,120.92786419244976,121.25379646357428,121.57883820936786,121.90387995516144,122.3102432035688,122.71771977594436,123.12408302435172,123.53044627275908,123.93680952116644,125.84089842570292,127.73978490153848,129.63867137737404,131.5375578532096,133.44164675774607,133.05076904434142,132.65989133093674,132.2690136175321,131.8770650062825,131.48618729287784,126.7587590626238,122.03133083236978,117.29095074395067,112.56352251369664,107.8360942834426,105.48906467425452,103.13560484695908,100.78857523777098,98.4415456285829,96.09451601939482,93.4300140603059,90.7727921612145,88.11557026212309,85.45834836303169,82.79384640394277,81.92821529921989,81.06258419449702,80.19695308977414,79.32895039298354,78.46331928826066,77.78120209479081,77.09908490132095,76.41509889362241,75.73298170015255,75.0508645066827,72.26528461203029,69.47207299163911,66.6864930969867,63.90091320233429,61.11533330768188,59.91128257989658,58.71052160819813,57.50976063649968,56.30899966480122,55.104948937015926,53.58982036722181,52.07469179742769,50.559563227633575,49.04028362066194,47.52515505086782,46.45405017547312,45.38294530007841,44.30890589077852,43.23780101538381,42.16669613998911,42.131366065326205,42.09593919593819,42.06060912127529,42.02527904661238,41.98994897194948
high,U,2030,exclude,NDC Factsheet,12Nov2021a_CR,2021-11-09_1,World,2021-11-09_1__high__U__2030__exclude,kt HFC134a / yr,AR6 climate diagnostics|Infilled|Emissions|HFC|HFC134a,82.27716954657275,90.2715761802567,98.24414017286502,106.21670416547332,114.18926815808165,122.18367479176558,130.1562387843739,138.1288027769822,146.10136676959053,154.09577340327448,162.0683373958828,170.0409013884911,178.01346538109942,186.00787201478337,193.9804360073917,201.953,209.92556399260832,217.91997062629227,225.89253461890056,233.8650986115089,241.8376626041172,245.24884404038275,248.65070530878967,252.05256657719656,255.45442784560345,258.865609281869,259.2327245419498,259.5998398020306,259.96695506211137,260.3350761174253,260.70219137750604,258.80667474072294,256.9111581039398,255.01044827089152,253.1149316341084,251.2194149973253,250.79619926441384,250.3718240363437,249.94860830343225,249.5253925705208,249.1021768376093,250.06252527005464,251.0202497996792,251.9779743293036,252.93569885892805,253.89604729137332,261.6735603093711,269.4510733273689,277.22858634536664,285.0274076182082,292.804920636206,279.7938145280882,266.7827084199705,253.7359554458031,240.72484933768536,227.71374322956763,225.63505766773127,223.55067707695835,221.471991515122,219.3933059532856,217.3146203914492,210.22392671155825,203.15260651166696,196.08128631177573,189.00996611188447,181.9192724319935,178.936678956982,175.95408548197048,172.97149200695898,169.98072704297482,166.99813356796332,166.42346769771527,165.84880182746724,165.2725615301774,164.69789565992937,164.12322978968132,156.21471645735545,148.284535965215,140.37602263288912,132.46750930056325,124.55899596823738,121.92199194591204,119.29219285260945,116.66239375930684,114.03259466600426,111.39559064367891,104.85331669405991,98.31104274444093,91.76876879482192,85.20857080698477,78.66629685736577,76.96605252838164,75.26580819939751,73.56090566677233,71.8606613377882,70.16041700880407,69.88631280524788,69.61145763127098,69.33735342771479,69.0632492241586,68.7891450206024
high,U,2030,exclude,NDC Factsheet,12Nov2021a_CR,2021-11-09_1,World,2021-11-09_1__high__U__2030__exclude,kt HFC143a / yr,AR6 climate diagnostics|Infilled|Emissions|HFC|HFC143a,-15.459828706900224,-12.264036900598803,-9.076976765899303,-5.889916631199796,-2.702856496500296,0.4929353098011262,3.67999544450063,6.867055579200134,10.054115713899638,13.24990752020106,16.436967654900563,19.624027789600067,22.81108792429957,26.006879730601,29.193939865300496,32.381,35.56806013469951,38.76385194100092,41.95091207570043,45.13797221039994,48.32503234509944,49.54123693938176,50.75411857029173,51.96700020120171,53.17988183211168,54.396086426394,55.0071674614636,55.61824849653319,56.22932953160279,56.84208476128901,57.45316579635861,58.1217205083136,58.7902752202686,59.46066158896868,60.12921630092367,60.79777101287867,62.45730698514091,64.12138963129976,65.78092560356201,67.44046157582424,69.09999754808649,69.49499444474556,69.88891211491101,70.28282978507647,70.67674745524192,71.07174435190099,71.4431098243203,71.81447529673963,72.18584076915894,72.55822368122872,72.92958915364804,71.31362216938165,69.69765518511525,68.07726089404265,66.46129390977626,64.84532692550987,63.40615681660762,61.96304377590016,60.52387366699792,59.08470355809566,57.645533449193415,56.62798557459857,55.61321788545344,54.5984501963083,53.58368250716317,52.56613463256832,52.20191435341711,51.8376940742659,51.473473795114685,51.10825565218498,50.74403537303377,50.20257098182135,49.66110659060892,49.118158735310985,48.57669434409856,48.03522995288613,46.74291262010579,45.44705469189318,44.15473735911284,42.8624200263325,41.57010269355216,39.44650695434508,37.32871338928885,35.21091982423261,33.09312625917637,30.9695305199693,29.99844407226876,29.02735762456821,28.056271176867664,27.0825242183515,26.111437770650955,25.47560117926348,24.83976458787601,24.20218597842994,23.56634938704247,22.930512795655,22.735622307448363,22.54019787269869,22.345307384492056,22.150416896285417,21.955526408078786
high,U,2030,exclude,NDC Factsheet,12Nov2021a_CR,2021-11-09_1,World,2021-11-09_1__high__U__2030__exclude,kt HFC227ea / yr,AR6 climate diagnostics|Infilled|Emissions|HFC|HFC227ea,7.623179285470775,7.35865732553606,7.094858103196795,6.83105888085753,6.567259658518266,6.302737698583551,6.038938476244285,5.77513925390502,5.511340031565755,5.24681807163104,4.983018849291775,4.71921962695251,4.455420404613245,4.19089844467853,3.927099222339265,3.6633,3.399500777660735,3.13497881772602,2.8711795953867547,2.60738037304749,2.343581150708225,2.2978951947095503,2.252334063727266,2.206772932744981,2.161211801762697,2.1155258457640223,2.083041296222248,2.050556746680473,2.0180721971386983,1.985498648831056,1.9530140992892813,1.961096973488556,1.9691798476878304,1.977284866747925,1.9853677409472,1.9934506151464744,1.900782987653532,1.807861476249649,1.715193848756706,1.622526221263763,1.52985859377082,1.413014695965084,1.296490043781768,1.1799653915984525,1.0634407394151366,0.9465968416094006,0.8208194061121334,0.6950419706148664,0.5692645351175993,0.443142503906641,0.3173650684093738,0.3034423485743017,0.2895196287392295,0.2755587644662529,0.2616360446311807,0.2477133247961084,0.2270162769525032,0.2062625248682306,0.1855654770246253,0.1648684291810201,0.1441713813374149,0.1446127115344679,0.1450528359113105,0.145492960288153,0.1459330846649955,0.1463744148620486,0.1569433615281647,0.1675123081942809,0.178081254860397,0.1886791575447765,0.1992481042108926,0.1882289069292706,0.1772097096476486,0.1661603227844331,0.155141125502811,0.144121928221189,0.1354552650585798,0.1267648576133332,0.1180981944507239,0.1094315312881147,0.1007648681255054,0.0962047644132518,0.0916571200007585,0.0871094755882651,0.0825618311757718,0.0780017274635182,0.0721253043039818,0.0662488811444455,0.0603724579849091,0.0544799350358945,0.0486035118763581,0.0468568893560886,0.0451102668358191,0.0433588590483708,0.0416122365281013,0.0398656140078318,0.0408886514610813,0.0419144917566684,0.0429375292099178,0.0439605666631672,0.0449836041164167
high,U,2030,exclude,NDC Factsheet,12Nov2021a_CR,2021-11-09_1,World,2021-11-09_1__high__U__2030__exclude,kt HFC23 / yr,AR6 climate diagnostics|Infilled|Emissions|HFC|HFC23,42.553564875844,40.6786171582753,38.8087922486781,36.9389673390809,35.0691424294837,33.194194711915,31.324369802317804,29.4545448927206,27.5847199831234,25.7097722655547,23.8399473559575,21.9701224463603,20.1002975367631,18.2253498191944,16.3555249095972,14.4857,12.6158750904028,10.7409273728341,8.871102463236898,7.001277553639699,5.131452644042499,4.912447189036768,4.694040109591162,4.4756330301455565,4.257225950699951,4.03822049569422,3.738603358534913,3.438986221375607,3.1393690842163005,2.838931078188065,2.539313941028758,2.3980473498897528,2.256780758750748,2.115127135855197,1.9738605447161923,1.832593953577188,1.7079178520863634,1.5829001722352904,1.4582240707444662,1.333547969253642,1.208871867762818,1.1590988335948818,1.109461791323579,1.0598247490522763,1.0101877067809737,0.9604146726130371,0.863100936410562,0.7657872002080867,0.6684734640056114,0.5708931148272389,0.4735793786247636,0.4373447824341701,0.4011101862435765,0.3647763171867074,0.3285417209961138,0.2923071248055203,0.2676862935111925,0.2429980078845516,0.2183771765902239,0.1937563452958962,0.1691355140015684,0.1591315471446698,0.1491549135305495,0.1391782799164293,0.129201646302309,0.1191976794454104,0.1102757223852229,0.1013537653250355,0.092431808264848,0.0834854074866875,0.0745634504265,0.069937490255092,0.065311530083684,0.0606728960487926,0.0560469358773846,0.0514209757059766,0.0467260070409739,0.0420181754481218,0.0373232067831191,0.0326282381181164,0.0279332694531137,0.0238267665120913,0.0197314835244596,0.0156362005368279,0.0115409175491962,0.0074344146081737,0.0059483459707239,0.004462277333274,0.0029762086958242,0.0014860686374498,0.0,0.0,0.0,0.0,0.0,0.0,0.0,0.0,0.0,0.0,0.0
high,U,2030,exclude,NDC Factsheet,12Nov2021a_CR,2021-11-09_1,World,2021-11-09_1__high__U__2030__exclude,kt HFC245fa / yr,AR6 climate diagnostics|Infilled|Emissions|HFC245fa,3.766372081389117,4.298246295335382,4.828667301046821,5.35908830675826,5.8895093124696976,6.421383526415962,6.951804532127401,7.48222553783884,8.012646543550279,8.544520757496542,9.07494176320798,9.60536276891942,10.13578377463086,10.667657988577124,11.19807899428856,11.7285,12.25892100571144,12.790795219657705,13.321216225369142,13.85163723108058,14.38205823679202,13.526274498523536,12.672828967190211,11.819383435856889,10.965937904523564,10.11015416625508,8.52659348133125,6.943032796407422,5.359472111483593,3.7715729041353168,2.188012219211488,2.006191319838901,1.8243704204663136,1.642051381643391,1.4602304822708043,1.2784095828982174,1.0228676892739843,0.7666256808726988,0.5110837872484659,0.2555418936242328,0.0,0.0,0.0,0.0,0.0,0.0,0.0,0.0,0.0,0.0,0.0,0.0,0.0,0.0,0.0,0.0,0.0,0.0,0.0,0.0,0.0,0.0,0.0,0.0,0.0,0.0,0.0,0.0,0.0,0.0,0.0,0.0,0.0,0.0,0.0,0.0,0.0,0.0,0.0,0.0,0.0,0.0,0.0,0.0,0.0,0.0,0.0,0.0,0.0,0.0,0.0,0.0,0.0,0.0,0.0,0.0,0.0,0.0,0.0,0.0,0.0
high,U,2030,exclude,NDC Factsheet,12Nov2021a_CR,2021-11-09_1,World,2021-11-09_1__high__U__2030__exclude,kt HFC32 / yr,AR6 climate diagnostics|Infilled|Emissions|HFC|HFC32,-40.464402485970965,-35.18424944529468,-29.918523052270515,-24.65279665924635,-19.38707026622218,-14.1069172255459,-8.841190832521733,-3.5754644394975656,1.6902619535266012,6.970414994202887,12.23614138722705,17.501867780251217,22.767594173275384,28.04774721395167,33.31347360697583,38.5792,43.84492639302417,49.12507943370045,54.390805826724616,59.65653221974878,64.92225861277295,66.099149384193,67.27282460705726,68.44649982992152,69.62017505278578,70.79706582420583,71.48357799063568,72.17009015706552,72.85660232349537,73.54499534517569,74.23150751160554,74.58677020738527,74.94203290316501,75.29826892139893,75.65353161717867,76.0087943129584,76.46542362082381,76.92330396788886,77.37993327575425,77.83656258361967,78.29319189148508,78.96028464445874,79.6255547396374,80.29082483481604,80.95609492999469,81.62318768296835,82.38700493796777,83.1508221929672,83.91463944796662,84.68054935297974,85.44436660797916,82.13815808788968,78.8319495678002,75.51668294217623,72.21047442208675,68.90426590199726,67.02733219083376,65.14525619553008,63.26832248436656,61.39138877320306,59.51445506203955,59.28744856768029,59.06106230964442,58.83467605160854,58.608289793572666,58.38128329921341,57.03743677431039,55.69359024940736,54.349743724504336,53.00221542830021,51.65836890339719,49.690104578443176,47.72184025348916,45.74818342353528,43.77991909858127,41.81165477362725,39.86319854485731,37.909404079844165,35.960947851074216,34.012491622304275,32.06403539353433,31.53898921559123,31.01537759004688,30.49176596450253,29.96815433895818,29.44310816101508,27.61485219934458,25.78659623767408,23.95834027600357,22.125075393890143,20.29681943221964,20.52232266480409,20.747825897388537,20.97394694704856,21.199450179633008,21.42495341221745,20.7212884361346,20.0156956108022,19.31203063471933,18.60836565863648,17.904700682553614
high,U,2030,exclude,NDC Factsheet,12Nov2021a_CR,2021-11-09_1,World,2021-11-09_1__high__U__2030__exclude,kt HFC4310mee / yr,AR6 climate diagnostics|Infilled|Emissions|HFC|HFC43-10,-0.4755236931533595,-0.3668309989219069,-0.258435279264857,-0.150039559607807,-0.0416438399507572,0.0670488542806955,0.1754445739377453,0.2838402935947952,0.3922360132518451,0.5009287074832979,0.6093244271403477,0.7177201467973976,0.8261158664544475,0.9348085606859002,1.04320428034295,1.1516,1.25999571965705,1.3686884138885025,1.4770841335455525,1.5854798532026022,1.6938755728596522,1.7511638632314137,1.8082956282196456,1.865427393207877,1.9225591581961097,1.9798474485678712,1.8778716191126696,1.7758957896574683,1.673919960202267,1.5716647449129415,1.4696889154577404,1.455893638712171,1.4420983619666017,1.4282652899422772,1.4144700131967078,1.4006747364511385,1.3708139287449708,1.3408713106067314,1.3110105029005634,1.2811496951943957,1.251288887488228,1.2044990035780156,1.157836960880673,1.11117491818333,1.0645128754859872,1.0177229915757748,1.044496724431423,1.071270457287071,1.0980441901427194,1.124891275691123,1.1516650085467708,1.138449467151397,1.125233925756023,1.1119821773979224,1.0987666360025488,1.085551094607175,1.1512090630336551,1.21704691630514,1.2827048847316205,1.348362853158101,1.4140208215845815,1.4531540570283772,1.4921803710638564,1.5312066850993358,1.570232999134815,1.6093662345786106,1.666850233878806,1.7243342331790013,1.781818232479197,1.8394597221884337,1.8969437214886289,1.9164144801848024,1.935885238880976,1.955409342121523,1.9748801008176968,1.9943508595138704,2.050412649923192,2.1066280342788404,2.1626898246881616,2.218751615097484,2.274813405506805,2.2788292760450464,2.2828341742594134,2.2868390724737804,2.2908439706881474,2.294859841226389,2.231454336507108,2.168048831787826,2.1046433270685445,2.041064108637704,1.9776586039184216,2.0971889260036747,2.2167192480889275,2.336577050508661,2.456107372593914,2.575637694679167,2.403406034128844,2.2307025060153696,2.0584708454650467,1.886239184914724,1.7140075243644006
high,U,2030,exclude,NDC Factsheet,12Nov2021a_CR,2021-11-09_1,World,2021-11-09_1__high__U__2030__exclude,kt N2O / yr,AR6 climate diagnostics|Infilled|Emissions|N2O,10024.217250553094,10082.719985778056,10141.062877464152,10199.40576915025,10257.748660836343,10316.251396061309,10374.594287747404,10432.937179433498,10491.280071119596,10549.782806344558,10608.125698030652,10666.46858971675,10724.811481402843,10783.314216627808,10841.657108313904,10900.0,10958.342891686096,11016.845626911056,11075.188518597157,11133.53141028325,11191.874301969348,11196.786085378108,11201.68444861362,11206.582811849134,11211.481175084647,11216.392958493409,11215.299814933484,11214.20667137356,11213.113527813635,11212.01738933985,11210.924245779926,11184.019381421682,11157.114517063435,11130.135940748043,11103.2310763898,11076.326212031556,11067.8885658806,11059.427802890878,11050.990156739925,11042.552510588968,11034.114864438014,10997.48637224814,10960.95795790578,10924.429543563418,10887.901129221058,10851.272637031185,10825.95543124446,10800.638225457737,10775.321019671012,10749.934451676654,10724.617245889933,10650.27246720094,10575.927688511953,10501.379225497789,10427.0344468088,10352.689668119809,10308.52757214628,10264.244484128983,10220.082388155452,10175.920292181923,10131.758196208391,10075.829731983837,10020.05407777082,9964.278423557806,9908.50276934479,9852.574305120232,9830.282628595618,9807.990952071004,9785.699275546389,9763.346525935402,9741.054849410786,9716.490869779846,9691.926890148909,9667.295611943637,9642.731632312696,9618.167652681755,9573.22941172342,9528.168052296704,9483.22981133837,9438.291570380034,9393.353329421698,9355.8190201149,9318.387263565774,9280.955507016646,9243.52375046752,9205.989441160722,9165.950596661522,9125.91175216232,9085.87290766312,9045.724367699537,9005.685523200336,8902.948733909658,8800.211944618979,8697.193684672708,8594.456895382029,8491.72010609135,8491.365349875588,8491.009621724987,8490.654865509225,8490.300109293461,8489.9453530777
high,U,2030,exclude,NDC Factsheet,12Nov2021a_CR,2021-11-09_1,World,2021-11-09_1__high__U__2030__exclude,kt SF6 / yr,AR6 climate diagnostics|Infilled|Emissions|SF6,10.639265947122189,10.464297643299094,10.289807394950929,10.115317146602765,9.9408268982546,9.765858594431506,9.59136834608334,9.416878097735175,9.24238784938701,9.06741954556392,8.892929297215753,8.718439048867587,8.543948800519422,8.36898049669633,8.194490248348165,8.02,7.845509751651834,7.670541447828742,7.496051199480577,7.321560951132412,7.147070702784246,6.969028210299699,6.791472172712651,6.613916135125604,6.436360097538556,6.258317605054009,6.059726280843287,5.861134956632565,5.662543632421843,5.463408222391366,5.264816898180644,5.117939876298804,4.971062854416964,4.823783429735448,4.676906407853608,4.530029385971767,4.45330425459236,4.376368917373556,4.2996437859941485,4.222918654614741,4.1461935232353335,3.929096901696248,3.7125934403252994,3.496089978954352,3.2795865175834047,3.0624898960443176,3.024928489349031,2.9873670826537446,2.949805675958458,2.912141361299623,2.8745799546043367,2.7286008829389754,2.5826218112736137,2.436242796946156,2.290263725280794,2.1442846536154323,2.05888239962345,1.9732461668534071,1.8878439128614248,1.802441658869442,1.7170394048774595,1.6802607803293912,1.643582643826536,1.606904507323681,1.5702263708208255,1.5334477462727574,1.4773804321320905,1.4213131179914236,1.365245803850757,1.3090248806302525,1.2529575664895856,1.2101672822940568,1.1673769980985282,1.1244694802476694,1.0816791960521406,1.038888911856612,0.986938976881976,0.9348467133183684,0.8828967783437327,0.8309468433690967,0.7789969083944608,0.7045513000372076,0.6303090949814769,0.5560668899257463,0.4818246848700156,0.4073790765127624,0.4023114243049731,0.3972437720971837,0.3921761198893943,0.3870945837029534,0.3820269314951641,0.3278369672901436,0.2736470030851231,0.2193085732247464,0.165118609019726,0.1109286448147055,0.1180690480064082,0.1252290139465813,0.132369417138284,0.1395098203299867,0.1466502235216893
high,U,2030,exclude,NDC Factsheet,12Nov2021a_CR,2021-11-09_1,World,2021-11-09_1__high__U__2030__exclude,kt HFC152a/yr,AR6 climate diagnostics|Infilled|Emissions|HFC|HFC152a,21.400526,27.184793,29.655611,34.656619,42.288118,45.001634,51.038048,55.735756,55.545108,58.747812,59.87990600000001,59.950898,56.430796,52.23651,55.6047,55.8814,,,,,58.32448100000001,,,,,,,,,,27.601092,,,,,,,,,,3.5811979,,,,,,,,,,1.8651271,,,,,,,,,,1.7399198,,,,,,,,,,1.6923179,,,,,,,,,,1.6923179,,,,,,,,,,1.6744312,,,,,,,,,,1.5612446000000002
high,U,2030,exclude,NDC Factsheet,12Nov2021a_CR,2021-11-09_1,World,2021-11-09_1__high__U__2030__exclude,kt HFC236fa/yr,AR6 climate diagnostics|Infilled|Emissions|HFC|HFC236fa,0.14070938,0.15667086,0.15733827,0.1580697999999999,0.21998397,0.21276365,0.18218287,0.23421984,0.21222319,0.17270579,0.2799342,0.33356917,0.25831342,0.24104262,0.256,0.2604,,,,,0.4409,,,,,,,,,,0.4413,,,,,,,,,,0.0894,,,,,,,,,,0.0593,,,,,,,,,,0.0669,,,,,,,,,,0.0751,,,,,,,,,,0.0827,,,,,,,,,,0.0872,,,,,,,,,,0.0852
high,U,2030,exclude,NDC Factsheet,12Nov2021a_CR,2021-11-09_1,World,2021-11-09_1__high__U__2030__exclude,kt HFC365mfc/yr,AR6 climate diagnostics|Infilled|Emissions|HFC|HFC365mfc,0.2699959,0.6107305000000001,1.313749,2.2356391,3.1186526000000003,3.4180583,2.5592336,2.7884,2.7884,2.9974,3.3098,3.5841,3.9269,4.2254,4.4701,4.6492,,,,,5.6513488,,,,,,,,,,3.6101013,,,,,,,,,,0.5678564,,,,,,,,,,0.33506145,,,,,,,,,,0.34573819,,,,,,,,,,0.36813843,,,,,,,,,,0.40069204,,,,,,,,,,0.42675586,,,,,,,,,,0.42277825
high,U,2030,exclude,NDC Factsheet,12Nov2021a_CR,2021-11-09_1,World,2021-11-09_1__high__U__2030__exclude,kt NF3/yr,AR6 climate diagnostics|Infilled|Emissions|NF3,0.32583736,0.44250603,0.56342925,0.57452969,0.56786475,0.66487576,0.72576893,0.84647459,1.1465598,1.3874684,1.5093667,1.6314803999999998,1.6940939,1.6971003,1.4093,1.3581,,,,,1.0988833,,,,,,,,,,0.69167449,,,,,,,,,,0.42950903,,,,,,,,,,0.35735594,,,,,,,,,,0.31588864,,,,,,,,,,0.27608004,,,,,,,,,,0.23295405,,,,,,,,,,0.1930532999999999,,,,,,,,,,0.15186245
high,U,2030,exclude,NDC Factsheet,12Nov2021a_CR,2021-11-09_1,World,2021-11-09_1__high__U__2030__exclude,kt C3F8/yr,AR6 climate diagnostics|Infilled|Emissions|PFC|C3F8,0.95821704,1.0430809,1.132349,1.1166804,0.92550425,0.68053866,0.62496188,0.54676937,0.56931248,0.64329872,0.50403185,0.4523003,0.46484526,0.44762762,0.4515,0.4478,,,,,0.562,,,,,,,,,,0.2545,,,,,,,,,,0.0781,,,,,,,,,,0.0451,,,,,,,,,,0.0276,,,,,,,,,,0.0179,,,,,,,,,,0.0123,,,,,,,,,,0.0074,,,,,,,,,,0.0026
high,U,2030,exclude,NDC Factsheet,12Nov2021a_CR,2021-11-09_1,World,2021-11-09_1__high__U__2030__exclude,kt C4F10/yr,AR6 climate diagnostics|Infilled|Emissions|PFC|C4F10,0.2510761,0.22112488,0.19116765,0.17120484,0.15123802,0.13126721,0.11129239,0.10131399,0.091333579,0.091351578,0.10136998,0.10138998,0.10140998,0.10142998,0.0994,0.0994,,,,,0.12470924,,,,,,,,,,0.056537577,,,,,,,,,,0.017349076,,,,,,,,,,0.010001232,,,,,,,,,,0.0061232033,,,,,,,,,,0.0039800821,,,,,,,,,,0.0027554415,,,,,,,,,,0.0016328542,,,,,,,,,,0.00061232033
high,U,2030,exclude,NDC Factsheet,12Nov2021a_CR,2021-11-09_1,World,2021-11-09_1__high__U__2030__exclude,kt C5F12/yr,AR6 climate diagnostics|Infilled|Emissions|PFC|C5F12,0.19481513,0.14645591,0.13438971,0.12232057,0.098146856,0.086068855,0.086089514,0.086110173,0.061927609,0.049840754,0.049852559,0.049864364,0.049876169,0.049887974,0.0428,0.0435,,,,,0.054562141,,,,,,,,,,0.024702677,,,,,,,,,,0.0075688337,,,,,,,,,,0.0044082218,,,,,,,,,,0.0026615679,,,,,,,,,,0.0017466539,,,,,,,,,,0.0011644359,,,,,,,,,,0.00074856597,,,,,,,,,,0.00024952199
high,U,2030,exclude,NDC Factsheet,12Nov2021a_CR,2021-11-09_1,World,2021-11-09_1__high__U__2030__exclude,kt C7F16/yr,AR6 climate diagnostics|Infilled|Emissions|PFC|C7F16,0.24629263,0.24637414,0.24645565,0.23023284,0.23030892,0.23038499,0.24676538,0.23054257,0.23061865,0.23069472,0.19816218,0.19822738,0.19829259,0.19835779,0.2187,0.2338,,,,,0.2934,,,,,,,,,,0.1329,,,,,,,,,,0.0408,,,,,,,,,,0.0236,,,,,,,,,,0.0144,,,,,,,,,,0.0094,,,,,,,,,,0.0064,,,,,,,,,,0.0039,,,,,,,,,,0.0014
high,U,2030,exclude,NDC Factsheet,12Nov2021a_CR,2021-11-09_1,World,2021-11-09_1__high__U__2030__exclude,kt C8F18/yr,AR6 climate diagnostics|Infilled|Emissions|PFC|C8F18,0.31448037,0.27777387,0.22264971,0.20431793,0.16757462,0.13081905,0.13086199,0.094094145,0.075719425,0.075743962,0.075768498,0.075793035,0.075817571,0.075842107,0.0915,0.1014,,,,,0.1273,,,,,,,,,,0.0576,,,,,,,,,,0.0177,,,,,,,,,,0.0102,,,,,,,,,,0.0062,,,,,,,,,,0.0041,,,,,,,,,,0.0028,,,,,,,,,,0.0017,,,,,,,,,,0.0006
high,U,2030,exclude,NDC Factsheet,12Nov2021a_CR,2021-11-09_1,World,2021-11-09_1__high__U__2030__exclude,kt cC4F8/yr,AR6 climate diagnostics|Infilled|Emissions|PFC|cC4F8,0.64928876,0.70934355,0.80473162,0.93638842,1.0599511,1.1110069,1.1103421,1.1316961,1.1868416000000002,1.2450298,1.2721405,1.2727021,1.2729276000000005,1.273153,1.2672,1.2672,,,,,1.4709637,,,,,,,,,,0.89718556,,,,,,,,,,0.37854012,,,,,,,,,,0.26429603,,,,,,,,,,0.21399453,,,,,,,,,,0.18784911,,,,,,,,,,0.16625073,,,,,,,,,,0.13697923,,,,,,,,,,0.10770774
high,U,2030,exclude,NDC Factsheet,12Nov2021a_CR,2021-11-09_1,World,2021-11-09_1__high__U__2030__exclude,kt SO2F2/yr,AR6 climate diagnostics|Infilled|Emissions|SO2F2,1.4696996,1.5831418,1.8187344,2.0007492,1.9432187,1.7404093999999997,1.4531435,1.4689929,1.8119179,2.130075,2.2231028,2.6823168,2.7864741000000004,2.4538662,2.512,2.5317,,,,,2.9386943,,,,,,,,,,1.7921907,,,,,,,,,,0.75606022,,,,,,,,,,0.52793602,,,,,,,,,,0.42773287,,,,,,,,,,0.37548764,,,,,,,,,,0.33201642,,,,,,,,,,0.27368921,,,,,,,,,,0.215362
high,U,2030,exclude,NDC Factsheet,12Nov2021a_CR,2021-11-09_1,World,2021-11-09_1__high__U__2030__exclude,kt CCl4/yr,AR6 climate diagnostics|Infilled|Emissions|CCl4,72.65140799999998,70.65696899999998,70.45667399999998,69.839024,66.998563,63.195607,60.048081,57.25715400000001,56.837697,55.35525300000001,56.090865,57.565927,59.464919,62.512861,53.5475,47.5476,,,,,34.8954,,,,,,,,,,18.7952,,,,,,,,,,10.1234,,,,,,,,,,5.4526,,,,,,,,,,2.9369,,,,,,,,,,1.5818,,,,,,,,,,0.852,,,,,,,,,,0.4589,,,,,,,,,,0.2461
high,U,2030,exclude,NDC Factsheet,12Nov2021a_CR,2021-11-09_1,World,2021-11-09_1__high__U__2030__exclude,kt CFC11/yr,AR6 climate diagnostics|Infilled|Emissions|CFC11,76.330076,68.271466,63.484809,62.27795500000001,60.966802,60.33117900000001,63.03720300000001,64.737513,63.06087700000001,60.065148,58.86009,62.415615,70.235225,75.740842,54.9365,43.5734,,,,,35.1105,,,,,,,,,,22.7964,,,,,,,,,,14.8012,,,,,,,,,,9.6101,,,,,,,,,,6.2396,,,,,,,,,,4.0512,,,,,,,,,,2.6304,,,,,,,,,,1.7078,,,,,,,,,,1.1066999999999998
high,U,2030,exclude,NDC Factsheet,12Nov2021a_CR,2021-11-09_1,World,2021-11-09_1__high__U__2030__exclude,kt CFC113/yr,AR6 climate diagnostics|Infilled|Emissions|CFC113,9.4043884,5.959047099999999,3.1513602,5.7693016,9.216749,4.6297025000000005,0.6450640999999999,4.5089203,8.339533900000001,5.7877004,4.4070317,4.6237938,5.4529267,6.5167934,2.8024,0.8742,,,,,0.411,,,,,,,,,,0.0909,,,,,,,,,,0.0201,,,,,,,,,,0.0044,,,,,,,,,,0.001,,,,,,,,,,0.0002,,,,,,,,,,0.0,,,,,,,,,,0.0,,,,,,,,,,0.0
high,U,2030,exclude,NDC Factsheet,12Nov2021a_CR,2021-11-09_1,World,2021-11-09_1__high__U__2030__exclude,kt CFC114/yr,AR6 climate diagnostics|Infilled|Emissions|CFC114,3.9867142,3.2771364000000003,2.420559,1.7336337,1.4729968999999998,1.8139658,1.7510311,1.5545493,1.9164483,1.6755174,1.4644148,2.0468287,2.0520518,1.9408617,1.6696,1.6696,,,,,0.89775727,,,,,,,,,,0.2594467,,,,,,,,,,0.075055824,,,,,,,,,,0.021732582,,,,,,,,,,0.0062733226,,,,,,,,,,0.0017923779,,,,,,,,,,0.00044809447,,,,,,,,,,0.00022404724,,,,,,,,,,0.0
high,U,2030,exclude,NDC Factsheet,12Nov2021a_CR,2021-11-09_1,World,2021-11-09_1__high__U__2030__exclude,kt CFC115/yr,AR6 climate diagnostics|Infilled|Emissions|CFC115,2.3476517999999995,1.1600545,0.95011524,0.74505988,0.75667708,0.58070615,0.58710647,0.78280059,0.45696793,0.3835494,0.65896445,0.85601742,0.7168607,0.61330322,1.114899,1.6714,,,,,1.3855073,,,,,,,,,,0.95192085,,,,,,,,,,0.65442361,,,,,,,,,,0.44976238,,,,,,,,,,0.30910175,,,,,,,,,,0.21239756,,,,,,,,,,0.14593541,,,,,,,,,,0.1002207,,,,,,,,,,0.068572059
high,U,2030,exclude,NDC Factsheet,12Nov2021a_CR,2021-11-09_1,World,2021-11-09_1__high__U__2030__exclude,kt CFC12/yr,AR6 climate diagnostics|Infilled|Emissions|CFC12,122.76605,111.64066,101.90454,97.844828,87.654103,71.956593,65.575271,61.623755,57.108479,54.788238,52.271203,52.120722,53.35878,54.819887,28.9612,14.6096,,,,,6.0003,,,,,,,,,,1.0122,,,,,,,,,,0.1707,,,,,,,,,,0.0288,,,,,,,,,,0.0049,,,,,,,,,,0.0008,,,,,,,,,,0.0001,,,,,,,,,,0.0,,,,,,,,,,0.012
high,U,2030,exclude,NDC Factsheet,12Nov2021a_CR,2021-11-09_1,World,2021-11-09_1__high__U__2030__exclude,kt CH2Cl2/yr,AR6 climate diagnostics|Infilled|Emissions|CH2Cl2,732.30615,777.07509,778.01089,792.1542900000002,815.9423,841.28695,906.99913,941.7549,995.46629,1055.0462,1048.8592,1156.8684,1284.9937,1324.2707,1328.5952,1267.9806,,,,,1488.1345,,,,,,,,,,1039.7159,,,,,,,,,,371.3947,,,,,,,,,,320.2738,,,,,,,,,,322.6022,,,,,,,,,,327.5309,,,,,,,,,,334.6899,,,,,,,,,,340.4127,,,,,,,,,,339.5398
high,U,2030,exclude,NDC Factsheet,12Nov2021a_CR,2021-11-09_1,World,2021-11-09_1__high__U__2030__exclude,kt CH3Br/yr,AR6 climate diagnostics|Infilled|Emissions|CH3Br,165.25876,165.59900000000002,161.14055,158.92828,156.21655,154.12291000000005,152.41471,147.28895,144.47281,144.24254,142.6745,140.42156,136.71475,133.39273,133.6791,133.82299999999998,,,,,141.1514,,,,,,,,,,121.4174,,,,,,,,,,110.0972,,,,,,,,,,107.9832,,,,,,,,,,106.8576,,,,,,,,,,106.2389,,,,,,,,,,105.8747,,,,,,,,,,105.5654,,,,,,,,,,105.2561
high,U,2030,exclude,NDC Factsheet,12Nov2021a_CR,2021-11-09_1,World,2021-11-09_1__high__U__2030__exclude,kt CH3CCl3/yr,AR6 climate diagnostics|Infilled|Emissions|CH3CCl3,19.471227,19.806901,12.302716,10.122917,9.7469995,7.5405195,9.3190485,9.6981304,6.337644999999998,3.7694324,2.4614781000000003,3.0036158,3.0096674,1.8384424,1.2625,0.0,,,,,0.0,,,,,,,,,,0.0,,,,,,,,,,0.0,,,,,,,,,,0.0,,,,,,,,,,0.0,,,,,,,,,,0.0,,,,,,,,,,0.0,,,,,,,,,,0.0,,,,,,,,,,0.0
high,U,2030,exclude,NDC Factsheet,12Nov2021a_CR,2021-11-09_1,World,2021-11-09_1__high__U__2030__exclude,kt CH3Cl/yr,AR6 climate diagnostics|Infilled|Emissions|CH3Cl,5074.2696,5094.2258,5096.5932,5113.7538,5141.4447,5209.9819,5272.2746,5250.6823,5191.6855,5145.2658,5179.9719,5252.9333,5232.3317,5231.2321,5358.4982,5404.8069,,,,,5586.3293,,,,,,,,,,5075.0211,,,,,,,,,,4612.947,,,,,,,,,,4511.1964,,,,,,,,,,4466.5221,,,,,,,,,,4443.2138,,,,,,,,,,4423.8109,,,,,,,,,,4397.802,,,,,,,,,,4371.7931
high,U,2030,exclude,NDC Factsheet,12Nov2021a_CR,2021-11-09_1,World,2021-11-09_1__high__U__2030__exclude,kt CHCl3/yr,AR6 climate diagnostics|Infilled|Emissions|CHCl3,457.52154,447.64918,449.67461,458.96459,446.32858,435.1735,441.63764,432.90809,439.12487,449.78047,445.96535,454.40753,482.64499000000006,515.8883599999998,507.9539,459.6462,,,,,507.42388,,,,,,,,,,378.76773,,,,,,,,,,304.96529,,,,,,,,,,291.18325,,,,,,,,,,283.8448,,,,,,,,,,279.81167,,,,,,,,,,277.43704,,,,,,,,,,275.42048,,,,,,,,,,273.40391
high,U,2030,exclude,NDC Factsheet,12Nov2021a_CR,2021-11-09_1,World,2021-11-09_1__high__U__2030__exclude,kt HCFC141b/yr,AR6 climate diagnostics|Infilled|Emissions|HCFC141b,56.341686,56.36878100000001,50.843174,44.441172,49.135801,53.955471,51.911598,49.953532,54.881457,61.50634300000001,65.20953100000001,67.69059200000001,63.311547,59.817791,59.82,59.82,,,,,64.934393,,,,,,,,,,53.992384,,,,,,,,,,31.766544,,,,,,,,,,18.162426,,,,,,,,,,10.38426,,,,,,,,,,5.9372433,,,,,,,,,,3.3946516000000004,,,,,,,,,,1.9408441000000003,,,,,,,,,,1.2003525
high,U,2030,exclude,NDC Factsheet,12Nov2021a_CR,2021-11-09_1,World,2021-11-09_1__high__U__2030__exclude,kt HCFC142b/yr,AR6 climate diagnostics|Infilled|Emissions|HCFC142b,25.730152,24.490463,25.156097,25.070909,28.554887,33.447493,36.489809,37.109679,33.091627,32.081369,29.851794,28.645628,25.468261,19.467118,22.47,22.47,,,,,20.070778,,,,,,,,,,11.628452,,,,,,,,,,3.6001414,,,,,,,,,,1.0107539,,,,,,,,,,0.28377633,,,,,,,,,,0.079630696,,,,,,,,,,0.022401243,,,,,,,,,,0.0062952398,,,,,,,,,,0.020929628
high,U,2030,exclude,NDC Factsheet,12Nov2021a_CR,2021-11-09_1,World,2021-11-09_1__high__U__2030__exclude,kt HCFC22/yr,AR6 climate diagnostics|Infilled|Emissions|HCFC22,263.60627,261.60586,270.32175,287.30923,307.5767600000001,329.52471,346.30497,357.26506,362.72449,366.5558,361.74691,366.94427,356.29002,342.89828,358.8813,358.8813,,,,,322.60083,,,,,,,,,,143.31023000000005,,,,,,,,,,20.28877,,,,,,,,,,1.8833129,,,,,,,,,,0.17484446,,,,,,,,,,0.016253147,,,,,,,,,,0.0014775588,,,,,,,,,,0.0001641732,,,,,,,,,,0.009029526
high,U,2030,exclude,NDC Factsheet,12Nov2021a_CR,2021-11-09_1,World,2021-11-09_1__high__U__2030__exclude,kt Halon1202/yr,AR6 climate diagnostics|Infilled|Emissions|Halon1202,0.0,0.0,0.0,0.0,0.0,0.0,0.0,0.0,0.0,0.0,0.0,0.0,0.0,0.0,0.0,0.0,,,,,0.0,,,,,,,,,,0.0,,,,,,,,,,0.0,,,,,,,,,,0.0,,,,,,,,,,0.0,,,,,,,,,,0.0,,,,,,,,,,0.0,,,,,,,,,,0.0,,,,,,,,,,0.0
high,U,2030,exclude,NDC Factsheet,12Nov2021a_CR,2021-11-09_1,World,2021-11-09_1__high__U__2030__exclude,kt Halon1211/yr,AR6 climate diagnostics|Infilled|Emissions|Halon1211,9.480134800000002,8.8337936,8.3685909,8.0831154,7.526764599999999,6.9433284,6.3118449,5.7707437000000015,5.5737514,5.2570896,4.897554799999999,4.3361773,3.8379813,3.5745493,3.4810000000000003,3.2933,,,,,2.1847,,,,,,,,,,0.9614,,,,,,,,,,0.4231,,,,,,,,,,0.1862,,,,,,,,,,0.0819,,,,,,,,,,0.0361,,,,,,,,,,0.0159,,,,,,,,,,0.0069999999999999,,,,,,,,,,0.008
high,U,2030,exclude,NDC Factsheet,12Nov2021a_CR,2021-11-09_1,World,2021-11-09_1__high__U__2030__exclude,kt Halon1301/yr,AR6 climate diagnostics|Infilled|Emissions|Halon1301,1.9694412,2.3248261,2.2797577,2.0262772,2.1192661,1.8947828,1.5902358,1.7021554,1.6171325,1.7272846000000002,1.8511656000000003,2.096153,1.7328717,0.96258078,1.2299,1.3378,,,,,1.1071,,,,,,,,,,0.7583,,,,,,,,,,0.5193,,,,,,,,,,0.3557,,,,,,,,,,0.2436,,,,,,,,,,0.1668,,,,,,,,,,0.1143,,,,,,,,,,0.0783,,,,,,,,,,0.0536
high,U,2030,exclude,NDC Factsheet,12Nov2021a_CR,2021-11-09_1,World,2021-11-09_1__high__U__2030__exclude,kt Halon2402/yr,AR6 climate diagnostics|Infilled|Emissions|Halon2402,0.77151922,0.74608572,0.67660085,0.60195554,0.55294607,0.46971744,0.43579597,0.59162888,0.63840472,0.47723148,0.39655186,0.39105944,0.41594871,0.44442215,0.3854,0.3481,,,,,0.2789999999999999,,,,,,,,,,0.1793,,,,,,,,,,0.1153,,,,,,,,,,0.0741,,,,,,,,,,0.0476,,,,,,,,,,0.0306,,,,,,,,,,0.0197,,,,,,,,,,0.0126,,,,,,,,,,0.0081
