,SSP126_AR6GWP_KyotoGHG,SSP126_AR6GWP_CO2LULUCF,SSP126_AR6GWP_IPCM0EL,SSP119_AR6GWP_KyotoGHG,SSP119_AR6GWP_CO2LULUCF,SSP119_AR6GWP_IPCM0EL,SSP245_AR6GWP_KyotoGHG,SSP245_AR6GWP_CO2LULUCF,SSP245_AR6GWP_IPCM0EL,SSP126_CH4,SSP119_CH4,SSP245_CH4
1750,861.180591,297.4646065,563.7159845,861.180591,297.4646065,563.7159845,861.180591,297.4646065,563.7159845,19.01978312,19.01978312,19.01978312
1751,864.1766824,302.9370985,561.2395839,864.1766824,302.9370985,561.2395839,864.1766824,302.9370985,561.2395839,18.91510887,18.91510887,18.91510887
1752,869.4973629,308.5102686,560.9870943,869.4973629,308.5102686,560.9870943,869.4973629,308.5102686,560.9870943,18.88971181,18.88971181,18.88971181
1753,882.0974616,314.185969,567.9114926,882.0974616,314.185969,567.9114926,882.0974616,314.185969,567.9114926,19.12137723,19.12137723,19.12137723
1754,899.1672876,319.9660859,579.2012017,899.1672876,319.9660859,579.2012017,899.1672876,319.9660859,579.2012017,19.50906107,19.50906107,19.50906107
1755,905.295827,325.8525403,579.4432867,905.295827,325.8525403,579.4432867,905.295827,325.8525403,579.4432867,19.50045493,19.50045493,19.50045493
1756,911.3705915,331.8472885,579.523303,911.3705915,331.8472885,579.523303,911.3705915,331.8472885,579.523303,19.4625366,19.4625366,19.4625366
1757,933.628073,337.9523229,595.6757501,933.628073,337.9523229,595.6757501,933.628073,337.9523229,595.6757501,20.02354066,20.02354066,20.02354066
1758,937.8571982,344.1696723,593.687526,937.8571982,344.1696723,593.687526,937.8571982,344.1696723,593.687526,19.93400533,19.93400533,19.93400533
1759,950.4964545,350.5014029,599.9950516,950.4964545,350.5014029,599.9950516,950.4964545,350.5014029,599.9950516,20.14146621,20.14146621,20.14146621
1760,965.151811,356.9496193,608.2021917,965.151811,356.9496193,608.2021917,965.151811,356.9496193,608.2021917,20.41679714,20.41679714,20.41679714
1761,974.3120065,363.5164642,610.7955424,974.3120065,363.5164642,610.7955424,974.3120065,363.5164642,610.7955424,20.45599017,20.45599017,20.45599017
1762,981.4287649,370.2041201,611.2246448,981.4287649,370.2041201,611.2246448,981.4287649,370.2041201,611.2246448,20.45168738,20.45168738,20.45168738
1763,991.4073384,377.0148097,614.3925287,991.4073384,377.0148097,614.3925287,991.4073384,377.0148097,614.3925287,20.54517934,20.54517934,20.54517934
1764,990.9823716,383.9507963,607.0315753,990.9823716,383.9507963,607.0315753,990.9823716,383.9507963,607.0315753,20.26091721,20.26091721,20.26091721
1765,1016.991438,391.0143851,625.9770531,1016.991438,391.0143851,625.9770531,1016.991438,391.0143851,625.9770531,20.919155,20.919155,20.919155
1766,1024.225929,398.2079236,626.0180049,1024.225929,398.2079236,626.0180049,1024.225929,398.2079236,626.0180049,20.8535919,20.8535919,20.8535919
1767,1036.216325,405.5338025,630.6825228,1036.216325,405.5338025,630.6825228,1036.216325,405.5338025,630.6825228,20.99917946,20.99917946,20.99917946
1768,1062.71252,412.9944564,649.7180633,1062.71252,412.9944564,649.7180633,1062.71252,412.9944564,649.7180633,21.65945211,21.65945211,21.65945211
1769,1066.384926,420.5923649,645.7925608,1066.384926,420.5923649,645.7925608,1066.384926,420.5923649,645.7925608,21.49633535,21.49633535,21.49633535
1770,1078.611744,428.330053,650.2816914,1078.611744,428.330053,650.2816914,1078.611744,428.330053,650.2816914,21.63439757,21.63439757,21.63439757
1771,1082.75332,436.2100923,646.5432276,1082.75332,436.2100923,646.5432276,1082.75332,436.2100923,646.5432276,21.4289211,21.4289211,21.4289211
1772,1090.482573,444.2351017,646.2474713,1090.482573,444.2351017,646.2474713,1090.482573,444.2351017,646.2474713,21.39461572,21.39461572,21.39461572
1773,1104.926178,452.4077481,652.5184302,1104.926178,452.4077481,652.5184302,1104.926178,452.4077481,652.5184302,21.59523139,21.59523139,21.59523139
1774,1132.474501,460.7307476,671.7437536,1132.474501,460.7307476,671.7437536,1132.474501,460.7307476,671.7437536,22.25970773,22.25970773,22.25970773
1775,1140.010975,469.2068664,670.8041085,1140.010975,469.2068664,670.8041085,1140.010975,469.2068664,670.8041085,22.20096329,22.20096329,22.20096329
1776,1149.127861,477.8389213,671.28894,1149.127861,477.8389213,671.28894,1149.127861,477.8389213,671.28894,22.14194213,22.14194213,22.14194213
1777,1170.551389,486.6297812,683.9216077,1170.551389,486.6297812,683.9216077,1170.551389,486.6297812,683.9216077,22.56871006,22.56871006,22.56871006
1778,1188.261101,495.5823676,692.678733,1188.261101,495.5823676,692.678733,1188.261101,495.5823676,692.678733,22.85608093,22.85608093,22.85608093
1779,1197.142838,504.6996558,692.4431821,1197.142838,504.6996558,692.4431821,1197.142838,504.6996558,692.4431821,22.82063569,22.82063569,22.82063569
1780,1219.071394,513.9846758,705.0867184,1219.071394,513.9846758,705.0867184,1219.071394,513.9846758,705.0867184,23.24616665,23.24616665,23.24616665
1781,1231.206241,523.4405135,707.7657273,1231.206241,523.4405135,707.7657273,1231.206241,523.4405135,707.7657273,23.24965548,23.24965548,23.24965548
1782,1244.202372,533.0703113,711.1320604,1244.202372,533.0703113,711.1320604,1244.202372,533.0703113,711.1320604,23.34175812,23.34175812,23.34175812
1783,1255.889295,542.8772697,713.0120257,1255.889295,542.8772697,713.0120257,1255.889295,542.8772697,713.0120257,23.37991679,23.37991679,23.37991679
1784,1264.307675,552.8646479,711.4430267,1264.307675,552.8646479,711.4430267,1264.307675,552.8646479,711.4430267,23.2940423,23.2940423,23.2940423
1785,1289.503871,563.035765,726.468106,1289.503871,563.035765,726.468106,1289.503871,563.035765,726.468106,23.80210554,23.80210554,23.80210554
1786,1303.852891,573.3940015,730.4588894,1303.852891,573.3940015,730.4588894,1303.852891,573.3940015,730.4588894,23.831995,23.831995,23.831995
1787,1324.892279,583.9427996,740.9494795,1324.892279,583.9427996,740.9494795,1324.892279,583.9427996,740.9494795,24.17652818,24.17652818,24.17652818
1788,1355.481287,594.6856653,760.7956214,1355.481287,594.6856653,760.7956214,1355.481287,594.6856653,760.7956214,24.85592892,24.85592892,24.85592892
1789,1363.459015,605.6261687,757.832846,1363.459015,605.6261687,757.832846,1363.459015,605.6261687,757.832846,24.71707284,24.71707284,24.71707284
1790,1381.810458,616.7679459,765.0425117,1381.810458,616.7679459,765.0425117,1381.810458,616.7679459,765.0425117,24.94220857,24.94220857,24.94220857
1791,1391.787883,628.1146997,763.6731834,1391.787883,628.1146997,763.6731834,1391.787883,628.1146997,763.6731834,24.77843217,24.77843217,24.77843217
1792,1406.082508,639.6702011,766.4123065,1406.082508,639.6702011,766.4123065,1406.082508,639.6702011,766.4123065,24.81889294,24.81889294,24.81889294
1793,1424.779937,651.4382904,773.3416468,1424.779937,651.4382904,773.3416468,1424.779937,651.4382904,773.3416468,25.03153141,25.03153141,25.03153141
1794,1458.244845,663.4228787,794.8219664,1458.244845,663.4228787,794.8219664,1458.244845,663.4228787,794.8219664,25.76753778,25.76753778,25.76753778
1795,1471.635637,675.6279489,796.0076886,1471.635637,675.6279489,796.0076886,1471.635637,675.6279489,796.0076886,25.77334281,25.77334281,25.77334281
1796,1485.28226,688.0575572,797.2247025,1485.28226,688.0575572,797.2247025,1485.28226,688.0575572,797.2247025,25.74058407,25.74058407,25.74058407
1797,1513.805271,700.7158345,813.0894362,1513.805271,700.7158345,813.0894362,1513.805271,700.7158345,813.0894362,26.23006226,26.23006226,26.23006226
1798,1537.611427,713.6069877,824.0044397,1537.611427,713.6069877,824.0044397,1537.611427,713.6069877,824.0044397,26.54644012,26.54644012,26.54644012
1799,1557.659149,726.7353009,830.9238478,1557.659149,726.7353009,830.9238478,1557.659149,726.7353009,830.9238478,26.70648817,26.70648817,26.70648817
1800,1583.696348,740.1051373,843.5912108,1583.696348,740.1051373,843.5912108,1583.696348,740.1051373,843.5912108,27.05634308,27.05634308,27.05634308
1801,1600.132448,753.7209402,846.4115077,1600.132448,753.7209402,846.4115077,1600.132448,753.7209402,846.4115077,27.12488718,27.12488718,27.12488718
1802,1629.664453,767.5872346,862.0772181,1629.664453,767.5872346,862.0772181,1629.664453,767.5872346,862.0772181,27.33978432,27.33978432,27.33978432
1803,1639.464644,781.708629,857.7560148,1639.464644,781.708629,857.7560148,1639.464644,781.708629,857.7560148,27.32049985,27.32049985,27.32049985
1804,1662.004296,796.0898163,865.91448,1662.004296,796.0898163,865.91448,1662.004296,796.0898163,865.91448,27.46474997,27.46474997,27.46474997
1805,1690.645463,810.735576,879.9098867,1690.645463,810.735576,879.9098867,1690.645463,810.735576,879.9098867,27.9507982,27.9507982,27.9507982
1806,1713.518095,825.6507755,887.8673198,1713.518095,825.6507755,887.8673198,1713.518095,825.6507755,887.8673198,28.13437245,28.13437245,28.13437245
1807,1741.525865,840.8403718,900.6854936,1741.525865,840.8403718,900.6854936,1741.525865,840.8403718,900.6854936,28.45865603,28.45865603,28.45865603
1808,1776.045647,856.3094128,919.7362338,1776.045647,856.3094128,919.7362338,1776.045647,856.3094128,919.7362338,29.18524117,29.18524117,29.18524117
1809,1791.565889,872.0630397,919.5028492,1791.565889,872.0630397,919.5028492,1791.565889,872.0630397,919.5028492,29.12865813,29.12865813,29.12865813
1810,1819.470978,888.1064879,931.3644898,1819.470978,888.1064879,931.3644898,1819.470978,888.1064879,931.3644898,29.42453242,29.42453242,29.42453242
1811,1838.857199,904.4450894,934.4121101,1838.857199,904.4450894,934.4121101,1838.857199,904.4450894,934.4121101,29.40578756,29.40578756,29.40578756
1812,1858.68701,921.084274,937.6027361,1858.68701,921.084274,937.6027361,1858.68701,921.084274,937.6027361,29.4202985,29.4202985,29.4202985
1813,1887.236125,938.0295718,949.2065534,1887.236125,938.0295718,949.2065534,1887.236125,938.0295718,949.2065534,29.77847603,29.77847603,29.77847603
1814,1928.334429,955.2866142,973.0478144,1928.334429,955.2866142,973.0478144,1928.334429,955.2866142,973.0478144,30.54785186,30.54785186,30.54785186
1815,1951.501393,972.8611365,978.6402562,1951.501393,972.8611365,978.6402562,1951.501393,972.8611365,978.6402562,30.64433954,30.64433954,30.64433954
1816,1979.957193,990.7589794,989.198214,1979.957193,990.7589794,989.198214,1979.957193,990.7589794,989.198214,30.79985622,30.79985622,30.79985622
1817,2012.982462,1008.986091,1003.996371,2012.982462,1008.986091,1003.996371,2012.982462,1008.986091,1003.996371,31.19839541,31.19839541,31.19839541
1818,2047.059192,1027.548529,1019.510663,2047.059192,1027.548529,1019.510663,2047.059192,1027.548529,1019.510663,31.68760832,31.68760832,31.68760832
1819,2072.193211,1046.452462,1025.740749,2072.193211,1046.452462,1025.740749,2072.193211,1046.452462,1025.740749,31.84544135,31.84544135,31.84544135
1820,2107.463345,1065.704174,1041.759171,2107.463345,1065.704174,1041.759171,2107.463345,1065.704174,1041.759171,32.33339467,32.33339467,32.33339467
1821,2134.784509,1085.310061,1049.474448,2134.784509,1085.310061,1049.474448,2134.784509,1085.310061,1049.474448,32.52138863,32.52138863,32.52138863
1822,2164.466305,1105.27664,1059.189664,2164.466305,1105.27664,1059.189664,2164.466305,1105.27664,1059.189664,32.73451052,32.73451052,32.73451052
1823,2190.414537,1125.610547,1064.80399,2190.414537,1125.610547,1064.80399,2190.414537,1125.610547,1064.80399,32.75571509,32.75571509,32.75571509
1824,2222.823898,1146.318539,1076.505359,2222.823898,1146.318539,1076.505359,2222.823898,1146.318539,1076.505359,33.0519787,33.0519787,33.0519787
1825,2261.53642,1167.407499,1094.128921,2261.53642,1167.407499,1094.128921,2261.53642,1167.407499,1094.128921,33.52533882,33.52533882,33.52533882
1826,2291.619037,1188.884434,1102.734603,2291.619037,1188.884434,1102.734603,2291.619037,1188.884434,1102.734603,33.7481029,33.7481029,33.7481029
1827,2331.293444,1210.756484,1120.53696,2331.293444,1210.756484,1120.53696,2331.293444,1210.756484,1120.53696,34.15505001,34.15505001,34.15505001
1828,2379.669819,1233.030916,1146.638903,2379.669819,1233.030916,1146.638903,2379.669819,1233.030916,1146.638903,34.99912851,34.99912851,34.99912851
1829,2404.15786,1255.715133,1148.442727,2404.15786,1255.715133,1148.442727,2404.15786,1255.715133,1148.442727,35.01640513,35.01640513,35.01640513
1830,2462.942436,1278.816675,1184.125761,2462.942436,1278.816675,1184.125761,2462.942436,1278.816675,1184.125761,35.40215534,35.40215534,35.40215534
1831,2483.004772,1302.343219,1180.661553,2483.004772,1302.343219,1180.661553,2483.004772,1302.343219,1180.661553,35.37418705,35.37418705,35.37418705
1832,2514.339103,1326.302583,1188.03652,2514.339103,1326.302583,1188.03652,2514.339103,1326.302583,1188.03652,35.56272349,35.56272349,35.56272349
1833,2554.444684,1350.70273,1203.741953,2554.444684,1350.70273,1203.741953,2554.444684,1350.70273,1203.741953,35.98083111,35.98083111,35.98083111
1834,2604.903541,1375.55177,1229.35177,2604.903541,1375.55177,1229.35177,2604.903541,1375.55177,1229.35177,36.76106097,36.76106097,36.76106097
1835,2637.835686,1400.857961,1236.977725,2637.835686,1400.857961,1236.977725,2637.835686,1400.857961,1236.977725,36.88278973,36.88278973,36.88278973
1836,2690.419728,1426.629713,1263.790015,2690.419728,1426.629713,1263.790015,2690.419728,1426.629713,1263.790015,37.24729235,37.24729235,37.24729235
1837,2731.653532,1452.875591,1278.777941,2731.653532,1452.875591,1278.777941,2731.653532,1452.875591,1278.777941,37.69980678,37.69980678,37.69980678
1838,2779.541202,1479.604317,1299.936885,2779.541202,1479.604317,1299.936885,2779.541202,1479.604317,1299.936885,38.24210962,38.24210962,38.24210962
1839,2820.316438,1506.824775,1313.491663,2820.316438,1506.824775,1313.491663,2820.316438,1506.824775,1313.491663,38.51117556,38.51117556,38.51117556
1840,2869.071797,1534.546011,1334.525786,2869.071797,1534.546011,1334.525786,2869.071797,1534.546011,1334.525786,38.88776194,38.88776194,38.88776194
1841,2917.350796,1562.777238,1354.573558,2917.350796,1562.777238,1354.573558,2917.350796,1562.777238,1354.573558,39.38162317,39.38162317,39.38162317
1842,2962.62383,1591.527838,1371.095993,2962.62383,1591.527838,1371.095993,2962.62383,1591.527838,1371.095993,39.61872888,39.61872888,39.61872888
1843,2998.318911,1620.807366,1377.511545,2998.318911,1620.807366,1377.511545,2998.318911,1620.807366,1377.511545,39.65326382,39.65326382,39.65326382
1844,3050.357411,1650.625553,1399.731857,3050.357411,1650.625553,1399.731857,3050.357411,1650.625553,1399.731857,40.04426499,40.04426499,40.04426499
1845,3115.206968,1680.992309,1434.214659,3115.206968,1680.992309,1434.214659,3115.206968,1680.992309,1434.214659,40.66967667,40.66967667,40.66967667
1846,3158.76717,1711.917726,1446.849444,3158.76717,1711.917726,1446.849444,3158.76717,1711.917726,1446.849444,40.97519975,40.97519975,40.97519975
1847,3222.800951,1743.412082,1479.388869,3222.800951,1743.412082,1479.388869,3222.800951,1743.412082,1479.388869,41.61647168,41.61647168,41.61647168
1848,3279.570527,1775.485843,1504.084684,3279.570527,1775.485843,1504.084684,3279.570527,1775.485843,1504.084684,42.44947063,42.44947063,42.44947063
1849,3326.513191,1808.149669,1518.363522,3326.513191,1808.149669,1518.363522,3326.513191,1808.149669,1518.363522,42.63396461,42.63396461,42.63396461
1850,3386.077077,1841.414415,1544.662662,3386.077077,1841.414415,1544.662662,3386.077077,1841.414415,1544.662662,43.14236365,43.14236365,43.14236365
1851,3361.644105,1812.641691,1549.002414,3361.644105,1812.641691,1549.002414,3361.644105,1812.641691,1549.002414,43.15191371,43.15191371,43.15191371
1852,3583.648281,2017.958792,1565.68949,3583.648281,2017.958792,1565.68949,3583.648281,2017.958792,1565.68949,43.34412933,43.34412933,43.34412933
1853,3602.952311,2010.429149,1592.523162,3602.952311,2010.429149,1592.523162,3602.952311,2010.429149,1592.523162,43.88435963,43.88435963,43.88435963
1854,3661.693052,2003.49854,1658.194511,3661.693052,2003.49854,1658.194511,3661.693052,2003.49854,1658.194511,44.80907906,44.80907906,44.80907906
1855,3660.35098,1992.57304,1667.777941,3660.35098,1992.57304,1667.777941,3660.35098,1992.57304,1667.777941,44.9570539,44.9570539,44.9570539
1856,3711.967847,2014.438713,1697.529134,3711.967847,2014.438713,1697.529134,3711.967847,2014.438713,1697.529134,45.32147323,45.32147323,45.32147323
1857,3756.080079,2033.990905,1722.089175,3756.080079,2033.990905,1722.089175,3756.080079,2033.990905,1722.089175,46.01300694,46.01300694,46.01300694
1858,3794.231385,2051.125846,1743.105539,3794.231385,2051.125846,1743.105539,3794.231385,2051.125846,1743.105539,46.54057729,46.54057729,46.54057729
1859,3853.269912,2079.153212,1774.116699,3853.269912,2079.153212,1774.116699,3853.269912,2079.153212,1774.116699,46.94962615,46.94962615,46.94962615
1860,3912.496186,2095.717761,1816.778425,3912.496186,2095.717761,1816.778425,3912.496186,2095.717761,1816.778425,47.37614023,47.37614023,47.37614023
1861,3995.54472,2136.721579,1858.823141,3995.54472,2136.721579,1858.823141,3995.54472,2136.721579,1858.823141,48.2346867,48.2346867,48.2346867
1862,3806.51064,1916.34624,1890.1644,3806.51064,1916.34624,1890.1644,3806.51064,1916.34624,1890.1644,49.13056212,49.13056212,49.13056212
1863,3844.996532,1916.997535,1927.998997,3844.996532,1916.997535,1927.998997,3844.996532,1916.997535,1927.998997,49.71022253,49.71022253,49.71022253
1864,3900.401641,1918.269413,1982.132228,3900.401641,1918.269413,1982.132228,3900.401641,1918.269413,1982.132228,50.66032473,50.66032473,50.66032473
1865,3963.846629,1921.087377,2042.759252,3963.846629,1921.087377,2042.759252,3963.846629,1921.087377,2042.759252,51.9800751,51.9800751,51.9800751
1866,4000.663981,1921.585666,2079.078315,4000.663981,1921.585666,2079.078315,4000.663981,1921.585666,2079.078315,52.74699293,52.74699293,52.74699293
1867,4058.238856,1916.052688,2142.186168,4058.238856,1916.052688,2142.186168,4058.238856,1916.052688,2142.186168,53.94102178,53.94102178,53.94102178
1868,4102.93296,1910.698725,2192.234235,4102.93296,1910.698725,2192.234235,4102.93296,1910.698725,2192.234235,55.28767356,55.28767356,55.28767356
1869,4141.355274,1904.67254,2236.682734,4141.355274,1904.67254,2236.682734,4141.355274,1904.67254,2236.682734,55.83359728,55.83359728,55.83359728
1870,4183.343519,1900.645177,2282.698343,4183.343519,1900.645177,2282.698343,4183.343519,1900.645177,2282.698343,56.99659231,56.99659231,56.99659231
1871,4307.985211,1974.459419,2333.525791,4307.985211,1974.459419,2333.525791,4307.985211,1974.459419,2333.525791,57.57401422,57.57401422,57.57401422
1872,4700.534542,2287.485899,2413.048643,4700.534542,2287.485899,2413.048643,4700.534542,2287.485899,2413.048643,58.18710545,58.18710545,58.18710545
1873,4826.282447,2327.648136,2498.634311,4826.282447,2327.648136,2498.634311,4826.282447,2327.648136,2498.634311,59.62016165,59.62016165,59.62016165
1874,4866.935514,2354.256216,2512.679298,4866.935514,2354.256216,2512.679298,4866.935514,2354.256216,2512.679298,60.88850035,60.88850035,60.88850035
1875,4969.262013,2383.068243,2586.19377,4969.262013,2383.068243,2586.19377,4969.262013,2383.068243,2586.19377,61.4471703,61.4471703,61.4471703
1876,5052.787646,2411.35367,2641.433976,5052.787646,2411.35367,2641.433976,5052.787646,2411.35367,2641.433976,62.60294811,62.60294811,62.60294811
1877,5133.080056,2435.735782,2697.344274,5133.080056,2435.735782,2697.344274,5133.080056,2435.735782,2697.344274,63.64524259,63.64524259,63.64524259
1878,5202.495786,2460.989956,2741.50583,5202.495786,2460.989956,2741.50583,5202.495786,2460.989956,2741.50583,64.71120383,64.71120383,64.71120383
1879,5316.030889,2486.749301,2829.281587,5316.030889,2486.749301,2829.281587,5316.030889,2486.749301,2829.281587,65.90279841,65.90279841,65.90279841
1880,5461.989531,2509.623248,2952.366283,5461.989531,2509.623248,2952.366283,5461.989531,2509.623248,2952.366283,66.6649843,66.6649843,66.6649843
1881,5654.390074,2648.024913,3006.365161,5654.390074,2648.024913,3006.365161,5654.390074,2648.024913,3006.365161,67.70670095,67.70670095,67.70670095
1882,5548.560676,2471.224191,3077.336484,5548.560676,2471.224191,3077.336484,5548.560676,2471.224191,3077.336484,68.57787524,68.57787524,68.57787524
1883,5645.390203,2497.151688,3148.238515,5645.390203,2497.151688,3148.238515,5645.390203,2497.151688,3148.238515,69.1859791,69.1859791,69.1859791
1884,5703.004965,2508.986068,3194.018898,5703.004965,2508.986068,3194.018898,5703.004965,2508.986068,3194.018898,70.48060515,70.48060515,70.48060515
1885,5765.538461,2531.633224,3233.905236,5765.538461,2531.633224,3233.905236,5765.538461,2531.633224,3233.905236,71.60546241,71.60546241,71.60546241
1886,5812.987662,2535.558324,3277.429338,5812.987662,2535.558324,3277.429338,5812.987662,2535.558324,3277.429338,72.58254388,72.58254388,72.58254388
1887,5894.883911,2535.377123,3359.506788,5894.883911,2535.377123,3359.506788,5894.883911,2535.377123,3359.506788,73.77743063,73.77743063,73.77743063
1888,6036.173095,2534.110398,3502.062698,6036.173095,2534.110398,3502.062698,6036.173095,2534.110398,3502.062698,75.11035553,75.11035553,75.11035553
1889,6061.400035,2532.312708,3529.087327,6061.400035,2532.312708,3529.087327,6061.400035,2532.312708,3529.087327,75.92960019,75.92960019,75.92960019
1890,6186.967421,2520.270356,3666.697065,6186.967421,2520.270356,3666.697065,6186.967421,2520.270356,3666.697065,77.07862319,77.07862319,77.07862319
1891,6251.972126,2507.988844,3743.983282,6251.972126,2507.988844,3743.983282,6251.972126,2507.988844,3743.983282,77.68229292,77.68229292,77.68229292
1892,6343.234627,2561.196286,3782.038341,6343.234627,2561.196286,3782.038341,6343.234627,2561.196286,3782.038341,78.54558089,78.54558089,78.54558089
1893,6367.836942,2564.061168,3803.775774,6367.836942,2564.061168,3803.775774,6367.836942,2564.061168,3803.775774,79.81501329,79.81501329,79.81501329
1894,6523.578996,2622.209594,3901.369403,6523.578996,2622.209594,3901.369403,6523.578996,2622.209594,3901.369403,81.38345626,81.38345626,81.38345626
1895,6646.989482,2641.864587,4005.124895,6646.989482,2641.864587,4005.124895,6646.989482,2641.864587,4005.124895,82.23116014,82.23116014,82.23116014
1896,6726.239988,2651.009917,4075.230071,6726.239988,2651.009917,4075.230071,6726.239988,2651.009917,4075.230071,83.00005426,83.00005426,83.00005426
1897,6845.623414,2659.941939,4185.681476,6845.623414,2659.941939,4185.681476,6845.623414,2659.941939,4185.681476,84.39253635,84.39253635,84.39253635
1898,6964.090224,2669.096822,4294.993402,6964.090224,2669.096822,4294.993402,6964.090224,2669.096822,4294.993402,85.36127162,85.36127162,85.36127162
1899,7152.941771,2669.754913,4483.186858,7152.941771,2669.754913,4483.186858,7152.941771,2669.754913,4483.186858,86.70543387,86.70543387,86.70543387
1900,7280.849344,2677.143179,4603.706165,7280.849344,2677.143179,4603.706165,7280.849344,2677.143179,4603.706165,87.61328845,87.61328845,87.61328845
1901,7609.175179,2920.220385,4688.954794,7609.175179,2920.220385,4688.954794,7609.175179,2920.220385,4688.954794,88.39116711,88.39116711,88.39116711
1902,7704.545545,2932.578084,4771.967461,7704.545545,2932.578084,4771.967461,7704.545545,2932.578084,4771.967461,89.26282464,89.26282464,89.26282464
1903,8006.140337,3039.918912,4966.221425,8006.140337,3039.918912,4966.221425,8006.140337,3039.918912,4966.221425,89.89074057,89.89074057,89.89074057
1904,8180.685069,3137.132745,5043.552324,8180.685069,3137.132745,5043.552324,8180.685069,3137.132745,5043.552324,91.35674943,91.35674943,91.35674943
1905,8449.670194,3236.03741,5213.632784,8449.670194,3236.03741,5213.632784,8449.670194,3236.03741,5213.632784,92.40132432,92.40132432,92.40132432
1906,8708.588696,3349.10565,5359.483047,8708.588696,3349.10565,5359.483047,8708.588696,3349.10565,5359.483047,93.24998316,93.24998316,93.24998316
1907,9085.671436,3382.273038,5703.398399,9085.671436,3382.273038,5703.398399,9085.671436,3382.273038,5703.398399,94.56080194,94.56080194,94.56080194
1908,9070.092531,3416.650809,5653.441722,9070.092531,3416.650809,5653.441722,9070.092531,3416.650809,5653.441722,95.71237193,95.71237193,95.71237193
1909,9217.993017,3442.615327,5775.37769,9217.993017,3442.615327,5775.37769,9217.993017,3442.615327,5775.37769,96.4666946,96.4666946,96.4666946
1910,9415.057327,3465.07142,5949.985906,9415.057327,3465.07142,5949.985906,9415.057327,3465.07142,5949.985906,97.77187103,97.77187103,97.77187103
1911,9281.309906,3251.843109,6029.466797,9281.309906,3251.843109,6029.466797,9281.309906,3251.843109,6029.466797,98.42938116,98.42938116,98.42938116
1912,9320.840221,3117.85701,6202.983211,9320.840221,3117.85701,6202.983211,9320.840221,3117.85701,6202.983211,99.26614632,99.26614632,99.26614632
1913,9509.936162,3006.122949,6503.813212,9509.936162,3006.122949,6503.813212,9509.936162,3006.122949,6503.813212,100.6125584,100.6125584,100.6125584
1914,9238.919402,2965.286448,6273.632953,9238.919402,2965.286448,6273.632953,9238.919402,2965.286448,6273.632953,102.2840587,102.2840587,102.2840587
1915,9196.774272,2922.036651,6274.737621,9196.774272,2922.036651,6274.737621,9196.774272,2922.036651,6274.737621,103.0579197,103.0579197,103.0579197
1916,9473.474064,2930.495173,6542.978891,9473.474064,2930.495173,6542.978891,9473.474064,2930.495173,6542.978891,104.0889435,104.0889435,104.0889435
1917,9646.906965,2941.618045,6705.28892,9646.906965,2941.618045,6705.28892,9646.906965,2941.618045,6705.28892,105.4397415,105.4397415,105.4397415
1918,9670.30196,2953.675083,6716.626877,9670.30196,2953.675083,6716.626877,9670.30196,2953.675083,6716.626877,106.7459316,106.7459316,106.7459316
1919,9344.313938,2972.449133,6371.864805,9344.313938,2972.449133,6371.864805,9344.313938,2972.449133,6371.864805,108.095107,108.095107,108.095107
1920,9835.629727,2981.094687,6854.53504,9835.629727,2981.094687,6854.53504,9835.629727,2981.094687,6854.53504,109.1336385,109.1336385,109.1336385
1921,9635.248812,3156.185151,6479.063661,9635.248812,3156.185151,6479.063661,9635.248812,3156.185151,6479.063661,109.809348,109.809348,109.809348
1922,9817.476463,3127.125618,6690.350844,9817.476463,3127.125618,6690.350844,9817.476463,3127.125618,6690.350844,110.4858104,110.4858104,110.4858104
1923,10329.36716,3156.863354,7172.503805,10329.36716,3156.863354,7172.503805,10329.36716,3156.863354,7172.503805,112.2535641,112.2535641,112.2535641
1924,10410.01616,3179.505679,7230.510484,10410.01616,3179.505679,7230.510484,10410.01616,3179.505679,7230.510484,112.633506,112.633506,112.633506
1925,10506.57343,3191.17269,7315.400737,10506.57343,3191.17269,7315.400737,10506.57343,3191.17269,7315.400737,113.6704269,113.6704269,113.6704269
1926,10508.68836,3207.446458,7301.241905,10508.68836,3207.446458,7301.241905,10508.68836,3207.446458,7301.241905,114.5456303,114.5456303,114.5456303
1927,11063.93013,3352.291327,7711.638803,11063.93013,3352.291327,7711.638803,11063.93013,3352.291327,7711.638803,115.74748,115.74748,115.74748
1928,11128.24312,3364.921444,7763.321674,11128.24312,3364.921444,7763.321674,11128.24312,3364.921444,7763.321674,116.7958666,116.7958666,116.7958666
1929,11562.46538,3464.867641,8097.597735,11562.46538,3464.867641,8097.597735,11562.46538,3464.867641,8097.597735,118.0199977,118.0199977,118.0199977
1930,11585.24612,3747.998908,7837.247216,11585.24612,3747.998908,7837.247216,11585.24612,3747.998908,7837.247216,119.6701788,119.6701788,119.6701788
1931,11248.03828,3785.850465,7462.187813,11248.03828,3785.850465,7462.187813,11248.03828,3785.850465,7462.187813,119.9075078,119.9075078,119.9075078
1932,10608.18291,3426.202541,7181.980369,10608.18291,3426.202541,7181.980369,10608.18291,3426.202541,7181.980369,121.4219873,121.4219873,121.4219873
1933,10783.77008,3414.535978,7369.234105,10783.77008,3414.535978,7369.234105,10783.77008,3414.535978,7369.234105,122.3437659,122.3437659,122.3437659
1934,11074.13281,3371.399627,7702.733185,11074.13281,3371.399627,7702.733185,11074.13281,3371.399627,7702.733185,123.9532999,123.9532999,123.9532999
1935,11285.05131,3366.469335,7918.581972,11285.05131,3366.469335,7918.581972,11285.05131,3366.469335,7918.581972,124.8946044,124.8946044,124.8946044
1936,11731.88006,3397.195986,8334.68407,11731.88006,3397.195986,8334.68407,11731.88006,3397.195986,8334.68407,126.4647048,126.4647048,126.4647048
1937,11971.85505,3314.552106,8657.302945,11971.85505,3314.552106,8657.302945,11971.85505,3314.552106,8657.302945,127.1823371,127.1823371,127.1823371
1938,11754.09727,3324.831062,8429.266212,11754.09727,3324.831062,8429.266212,11754.09727,3324.831062,8429.266212,127.905393,127.905393,127.905393
1939,12061.58107,3319.548711,8742.03236,12061.58107,3319.548711,8742.03236,12061.58107,3319.548711,8742.03236,129.5013568,129.5013568,129.5013568
1940,12409.61386,3274.049486,9135.564379,12409.61386,3274.049486,9135.564379,12409.61386,3274.049486,9135.564379,130.1349943,130.1349943,130.1349943
1941,12524.73538,3210.353251,9314.382125,12524.73538,3210.353251,9314.382125,12524.73538,3210.353251,9314.382125,132.2180939,132.2180939,132.2180939
1942,12734.86797,3288.160874,9446.7071,12734.86797,3288.160874,9446.7071,12734.86797,3288.160874,9446.7071,134.7060241,134.7060241,134.7060241
1943,12992.41779,3269.143574,9723.274216,12992.41779,3269.143574,9723.274216,12992.41779,3269.143574,9723.274216,136.6296869,136.6296869,136.6296869
1944,13076.31556,3291.841556,9784.474005,13076.31556,3291.841556,9784.474005,13076.31556,3291.841556,9784.474005,138.9310562,138.9310562,138.9310562
1945,12447.31835,3293.685578,9153.632776,12447.31835,3293.685578,9153.632776,12447.31835,3293.685578,9153.632776,141.022964,141.022964,141.022964
1946,13306.71702,3601.956519,9704.760502,13306.71702,3601.956519,9704.760502,13306.71702,3601.956519,9704.760502,142.7064022,142.7064022,142.7064022
1947,14133.029,3714.411991,10418.61701,14133.029,3714.411991,10418.61701,14133.029,3714.411991,10418.61701,144.7944965,144.7944965,144.7944965
1948,14637.90978,3744.290791,10893.61899,14637.90978,3744.290791,10893.61899,14637.90978,3744.290791,10893.61899,147.2720295,147.2720295,147.2720295
1949,14714.60612,3782.548133,10932.05798,14714.60612,3782.548133,10932.05798,14714.60612,3782.548133,10932.05798,150.2157149,150.2157149,150.2157149
1950,15517.25786,3830.938177,11686.31968,15517.25786,3830.938177,11686.31968,15517.25786,3830.938177,11686.31968,152.2010084,152.2010084,152.2010084
1951,16873.22624,4631.084947,12242.14129,16873.22624,4631.084947,12242.14129,16873.22624,4631.084947,12242.14129,155.2719352,155.2719352,155.2719352
1952,17270.83082,4732.664117,12538.16671,17270.83082,4732.664117,12538.16671,17270.83082,4732.664117,12538.16671,160.5733576,160.5733576,160.5733576
1953,17622.98215,4722.234813,12900.74734,17622.98215,4722.234813,12900.74734,17622.98215,4722.234813,12900.74734,165.6818323,165.6818323,165.6818323
1954,18154.52305,4920.19064,13234.33241,18154.52305,4920.19064,13234.33241,18154.52305,4920.19064,13234.33241,170.3710079,170.3710079,170.3710079
1955,19136.60076,5085.59436,14051.0064,19136.60076,5085.59436,14051.0064,19136.60076,5085.59436,14051.0064,174.7404471,174.7404471,174.7404471
1956,20095.58591,5299.828735,14795.75718,20095.58591,5299.828735,14795.75718,20095.58591,5299.828735,14795.75718,180.6711175,180.6711175,180.6711175
1957,20726.78414,5414.199536,15312.5846,20726.78414,5414.199536,15312.5846,20726.78414,5414.199536,15312.5846,186.0555677,186.0555677,186.0555677
1958,21309.57106,5601.462885,15708.10817,21309.57106,5601.462885,15708.10817,21309.57106,5601.462885,15708.10817,188.3855399,188.3855399,188.3855399
1959,21762.41011,5400.1783,16362.23181,21762.41011,5400.1783,16362.23181,21762.41011,5400.1783,16362.23181,192.6867573,192.6867573,192.6867573
1960,22340.2264,5355.659833,16984.56657,22340.2264,5355.659833,16984.56657,22340.2264,5355.659833,16984.56657,197.2611005,197.2611005,197.2611005
1961,23003.27738,5610.847,17392.43038,23003.27738,5610.847,17392.43038,23003.27738,5610.847,17392.43038,205.1383413,205.1383413,205.1383413
1962,23511.74075,5572.613933,17939.12682,23511.74075,5572.613933,17939.12682,23511.74075,5572.613933,17939.12682,207.2122992,207.2122992,207.2122992
1963,24458.17379,5596.3765,18861.79729,24458.17379,5596.3765,18861.79729,24458.17379,5596.3765,18861.79729,216.1922656,216.1922656,216.1922656
1964,25077.54012,5563.5569,19513.98322,25077.54012,5563.5569,19513.98322,25077.54012,5563.5569,19513.98322,216.556163,216.556163,216.556163
1965,25985.04476,5677.731033,20307.31373,25985.04476,5677.731033,20307.31373,25985.04476,5677.731033,20307.31373,222.6664157,222.6664157,222.6664157
1966,26775.6073,5686.360533,21089.24676,26775.6073,5686.360533,21089.24676,26775.6073,5686.360533,21089.24676,226.3106958,226.3106958,226.3106958
1967,27644.8989,5847.963,21796.9359,27644.8989,5847.963,21796.9359,27644.8989,5847.963,21796.9359,232.3331465,232.3331465,232.3331465
1968,28381.34803,5668.8731,22712.47493,28381.34803,5668.8731,22712.47493,28381.34803,5668.8731,22712.47493,235.3354027,235.3354027,235.3354027
1969,29369.35407,5656.838367,23712.5157,29369.35407,5656.838367,23712.5157,29369.35407,5656.838367,23712.5157,239.1848516,239.1848516,239.1848516
1970,30438.71842,5613.6718,24825.04662,30438.71842,5613.6718,24825.04662,30438.71842,5613.6718,24825.04662,244.4183955,244.4183955,244.4183955
1971,30788.40775,5150.578033,25637.82972,30788.40775,5150.578033,25637.82972,30788.40775,5150.578033,25637.82972,249.2895331,249.2895331,249.2895331
1972,31570.97375,4862.489867,26708.48389,31570.97375,4862.489867,26708.48389,31570.97375,4862.489867,26708.48389,257.2102054,257.2102054,257.2102054
1973,32683.75103,4831.153433,27852.59759,32683.75103,4831.153433,27852.59759,32683.75103,4831.153433,27852.59759,260.294725,260.294725,260.294725
1974,32523.56056,4729.1475,27794.41306,32523.56056,4729.1475,27794.41306,32523.56056,4729.1475,27794.41306,261.8082771,261.8082771,261.8082771
1975,32612.66055,4775.5246,27837.13595,32612.66055,4775.5246,27837.13595,32612.66055,4775.5246,27837.13595,263.0585486,263.0585486,263.0585486
1976,33927.83073,4837.821633,29090.0091,33927.83073,4837.821633,29090.0091,33927.83073,4837.821633,29090.0091,269.9482097,269.9482097,269.9482097
1977,34887.67229,4954.6904,29932.98189,34887.67229,4954.6904,29932.98189,34887.67229,4954.6904,29932.98189,274.0301524,274.0301524,274.0301524
1978,35647.84896,4761.222033,30886.62692,35647.84896,4761.222033,30886.62692,35647.84896,4761.222033,30886.62692,276.3333545,276.3333545,276.3333545
1979,36261.04865,4589.050767,31671.99789,36261.04865,4589.050767,31671.99789,36261.04865,4589.050767,31671.99789,281.6000656,281.6000656,281.6000656
1980,36015.38702,4559.0688,31456.31822,36015.38702,4559.0688,31456.31822,36015.38702,4559.0688,31456.31822,283.3464702,283.3464702,283.3464702
1981,35489.78789,4590.867967,30898.91992,35489.78789,4590.867967,30898.91992,35489.78789,4590.867967,30898.91992,279.7894207,279.7894207,279.7894207
1982,35590.61772,4610.406533,30980.21119,35590.61772,4610.406533,30980.21119,35590.61772,4610.406533,30980.21119,287.6693154,287.6693154,287.6693154
1983,36111.90804,5251.240133,30860.66791,36111.90804,5251.240133,30860.66791,36111.90804,5251.240133,30860.66791,281.6176584,281.6176584,281.6176584
1984,36796.69305,5354.58,31442.11305,36796.69305,5354.58,31442.11305,36796.69305,5354.58,31442.11305,285.0030452,285.0030452,285.0030452
1985,37178.8092,5495.730533,31683.07866,37178.8092,5495.730533,31683.07866,37178.8092,5495.730533,31683.07866,285.6752697,285.6752697,285.6752697
1986,37894.45725,5607.019,32287.43825,37894.45725,5607.019,32287.43825,37894.45725,5607.019,32287.43825,290.8084488,290.8084488,290.8084488
1987,38662.40867,5554.162167,33108.2465,38662.40867,5554.162167,33108.2465,38662.40867,5554.162167,33108.2465,295.0485147,295.0485147,295.0485147
1988,39404.29136,5551.983433,33852.30792,39404.29136,5551.983433,33852.30792,39404.29136,5551.983433,33852.30792,298.6854951,298.6854951,298.6854951
1989,39891.61891,5614.4077,34277.21121,39891.61891,5614.4077,34277.21121,39891.61891,5614.4077,34277.21121,302.1641744,302.1641744,302.1641744
1990,39576.36432,5295.479933,34280.88438,39576.36432,5295.479933,34280.88438,39576.36432,5295.479933,34280.88438,305.2725547,305.2725547,305.2725547
1991,40696.60283,5998.185967,34698.41687,40696.60283,5998.185967,34698.41687,40696.60283,5998.185967,34698.41687,318.7311921,318.7311921,318.7311921
1992,40184.82148,6167.4723,34017.34918,40184.82148,6167.4723,34017.34918,40184.82148,6167.4723,34017.34918,299.4017955,299.4017955,299.4017955
1993,39863.68155,5667.8996,34195.78195,39863.68155,5667.8996,34195.78195,39863.68155,5667.8996,34195.78195,299.4425141,299.4425141,299.4425141
1994,40272.26465,5510.289033,34761.97562,40272.26465,5510.289033,34761.97562,40272.26465,5510.289033,34761.97562,310.2518368,310.2518368,310.2518368
1995,40642.00413,5445.6622,35196.34193,40642.00413,5445.6622,35196.34193,40642.00413,5445.6622,35196.34193,305.4095889,305.4095889,305.4095889
1996,41177.98805,5387.4469,35790.54115,41177.98805,5387.4469,35790.54115,41177.98805,5387.4469,35790.54115,307.2912075,307.2912075,307.2912075
1997,44812.8325,8000.636862,36812.19564,44812.8325,8000.636862,36812.19564,44812.8325,8000.636862,36812.19564,331.2889198,331.2889198,331.2889198
1998,41982.12255,5647.810562,36334.31199,41982.12255,5647.810562,36334.31199,41982.12255,5647.810562,36334.31199,315.3326212,315.3326212,315.3326212
1999,41172.42874,4776.350962,36396.07778,41172.42874,4776.350962,36396.07778,41172.42874,4776.350962,36396.07778,309.4083709,309.4083709,309.4083709
2000,41611.00889,4402.238762,37208.77013,41611.00889,4402.238762,37208.77013,41611.00889,4402.238762,37208.77013,310.1868098,310.1868098,310.1868098
2001,41088.5324,3524.472129,37564.06027,41088.5324,3524.472129,37564.06027,41088.5324,3524.472129,37564.06027,312.8963787,312.8963787,312.8963787
2002,42402.29524,3923.348629,38478.94662,42402.29524,3923.348629,38478.94662,42402.29524,3923.348629,38478.94662,322.2788312,322.2788312,322.2788312
2003,43243.20017,3301.819662,39941.38051,43243.20017,3301.819662,39941.38051,43243.20017,3301.819662,39941.38051,328.1242242,328.1242242,328.1242242
2004,45568.78772,3804.476395,41764.31132,45568.78772,3804.476395,41764.31132,45568.78772,3804.476395,41764.31132,338.9417722,338.9417722,338.9417722
2005,46836.14138,3758.465595,43077.67579,46836.14138,3758.465595,43077.67579,46836.14138,3758.465595,43077.67579,346.3955546,346.3955546,346.3955546
2006,48427.61911,4003.930962,44423.68815,48427.61911,4003.930962,44423.68815,48427.61911,4003.930962,44423.68815,356.4696896,356.4696896,356.4696896
2007,48961.26078,3540.631862,45420.62892,48961.26078,3540.631862,45420.62892,48961.26078,3540.631862,45420.62892,355.0225755,355.0225755,355.0225755
2008,48267.67185,2449.088662,45818.58319,48267.67185,2449.088662,45818.58319,48267.67185,2449.088662,45818.58319,360.4917105,360.4917105,360.4917105
2009,48285.56061,2766.155962,45519.40465,48285.56061,2766.155962,45519.40465,48285.56061,2766.155962,45519.40465,364.2003634,364.2003634,364.2003634
2010,50418.31802,3243.438262,47174.87976,50418.31802,3243.438262,47174.87976,50418.31802,3243.438262,47174.87976,370.8962528,370.8962528,370.8962528
2011,51691.08361,3348.037995,48343.04562,51691.08361,3348.037995,48343.04562,51691.08361,3348.037995,48343.04562,372.6576832,372.6576832,372.6576832
2012,52672.88382,3557.037995,49115.84582,52672.88382,3557.037995,49115.84582,52672.88382,3557.037995,49115.84582,380.8097666,380.8097666,380.8097666
2013,53500.36939,3366.371329,50133.99806,53500.36939,3366.371329,50133.99806,53500.36939,3366.371329,50133.99806,381.5943928,381.5943928,381.5943928
2014,54690.12094,4015.371329,50674.74961,54690.12094,4015.371329,50674.74961,54690.12094,4015.371329,50674.74961,387.8735392,387.8735392,387.8735392
2015,54392.12825,3517.44,50874.68825,54392.12825,3517.44,50874.68825,54392.12825,3517.44,50874.68825,388.0727957,388.0727957,388.0727957
2016,54328.83036,3449.655011,50879.17535,54398.49149,3449.108938,50949.38256,54809.79902,3465.860463,51343.93855,379.960875,382.2429819,388.0763491
2017,54265.35905,3381.68431,50883.67474,54404.87217,3380.590668,51024.2815,55228.61408,3414.139611,51814.47447,371.82673,376.397196,388.0799123
2018,54202.06116,3313.899322,50888.16183,54411.2354,3312.259606,51098.9758,55646.28484,3362.560074,52283.72476,363.7148093,370.5673823,388.0834658
2019,54138.76326,3246.114333,50892.64893,54417.59864,3243.928544,51173.6701,56063.9556,3310.980537,52752.97506,355.6028887,364.7375685,388.0870192
2020,54075.46537,3178.329344,50897.13602,54423.96188,3175.597482,51248.3644,56481.62636,3259.400999,53222.22536,347.490968,358.9077547,388.0905727
2021,53328.08907,2878.729661,50449.35941,52208.07712,2894.733268,49313.34385,56824.48427,3221.527088,53602.95719,341.3152707,347.2974758,389.2283159
2022,52582.75479,2579.948557,50002.80624,49998.24669,2614.636443,47383.61024,57166.40542,3183.756658,53982.64876,335.1564467,335.718919,390.3629506
2023,51837.42051,2281.167452,49556.25306,47788.41625,2334.539618,45453.87664,57508.32656,3145.986228,54362.34034,328.9976228,324.1403622,391.4975852
2024,51092.08623,1982.386347,49109.69988,45578.58582,2054.442793,43524.14303,57850.24771,3108.215797,54742.03191,322.8387989,312.5618054,392.6322199
2025,50344.70993,1682.786664,48661.92327,43362.70106,1773.578579,41589.12248,58193.10562,3070.341886,55122.76374,316.6631016,300.9515265,393.7699632
2026,49599.37565,1384.00556,48215.37009,41152.87063,1493.481753,39659.38887,58535.02677,3032.571456,55502.45531,310.5042777,289.3729697,394.9045978
2027,48854.04137,1085.224455,47768.81691,38943.0402,1213.384928,37729.65527,58876.94791,2994.801026,55882.14689,304.3454538,277.7944129,396.0392325
2028,48108.70708,786.4433505,47322.26373,36733.20976,933.288103,35799.92166,59218.86906,2957.030595,56261.83846,298.1866298,266.2158561,397.1738672
2029,47361.33079,486.8436674,46874.48712,34517.325,652.4238892,33864.90111,59561.72697,2919.156684,56642.57029,292.0109325,254.6055772,398.3116104
2030,46615.99651,188.0625628,46427.93394,32307.49457,372.327064,31935.1675,59903.64812,2881.386254,57022.26187,285.8521086,243.0270204,399.4462451
2031,45542.12247,130.5079511,45411.61452,30938.01094,473.4038198,30464.60712,59930.74586,2809.718079,57121.02778,281.5482707,238.7879274,397.782207
2032,44468.24844,72.9533394,44395.2951,29568.52731,574.4805755,28994.04673,59957.84361,2738.049905,57219.7937,277.2444329,234.5488343,396.1181689
2033,43391.43229,15.24104384,43376.19124,28195.29167,675.8342539,27519.45741,59985.01559,2666.185379,57318.83021,272.9288038,230.2981273,394.4495718
2034,42317.55825,-42.31356786,42359.87182,26825.80803,776.9110096,26048.89702,60012.11334,2594.517204,57417.59613,268.624966,226.0590342,392.7855337
2035,41243.68422,-99.86817955,41343.5524,25456.3244,877.9877654,24578.33664,60039.21108,2522.849029,57516.36205,264.3211282,221.8199412,391.1214956
2036,40169.81019,-157.4227912,40327.23298,24086.84077,979.0645211,23107.77625,60066.30883,2451.180855,57615.12797,260.0172903,217.5808481,389.4574576
2037,39092.99404,-215.1350868,39308.12912,22713.60513,1080.4182,21633.18693,60093.48081,2379.316329,57714.16448,255.7016612,213.3301411,387.7888605
2038,38019.12,-272.6896985,38291.8097,21344.1215,1181.494955,20162.62654,60120.57855,2307.648154,57812.9304,251.3978234,209.0910481,386.1248224
2039,36945.24597,-330.2443102,37275.49028,19974.63787,1282.571711,18692.06616,60147.6763,2235.979979,57911.69632,247.0939856,204.851955,384.4607843
2040,35871.37194,-387.7989219,36259.17086,18605.15424,1383.648467,17221.50577,60174.77404,2164.311804,58010.46224,242.7901478,200.6128619,382.7967462
2041,34907.86081,-525.1440102,35433.00482,17667.02095,1163.353511,16503.66744,60000.97012,1997.65359,58003.31653,239.6159421,197.5654335,380.2288542
2042,33946.98223,-662.1138388,34609.09607,16731.45087,943.6604539,15787.79041,59827.64107,1831.450726,57996.19035,236.450409,194.5263314,377.6679783
2043,32986.10365,-799.0836673,33785.18732,15795.88079,723.9673968,15071.91339,59654.31203,1665.247861,57989.06416,233.284876,191.4872293,375.1071024
2044,32025.22507,-936.0534959,32961.27856,14860.31071,504.2743397,14356.03637,59480.98298,1499.044997,57981.93798,230.119343,188.4481272,372.5462265
2045,31061.71394,-1073.398584,32135.11253,13922.17742,283.9793838,13638.19803,59307.17906,1332.386783,57974.79227,226.9451373,185.4006988,369.9783345
2046,30100.83536,-1210.368413,31311.20378,12986.60734,64.28632677,12922.32101,59133.85001,1166.183919,57967.66609,223.7796043,182.3615966,367.4174585
2047,29139.95678,-1347.338241,30487.29502,12051.03725,-155.4067303,12206.44398,58960.52096,999.9810544,57960.53991,220.6140713,179.3224945,364.8565826
2048,28179.0782,-1484.30807,29663.38627,11115.46717,-375.0997874,11490.56696,58787.19191,833.7781902,57953.41372,217.4485383,176.2833924,362.2957067
2049,27215.56708,-1621.653158,28837.22023,10177.33389,-595.3947432,10772.72863,58613.38799,667.1199757,57946.26802,214.2743326,173.235964,359.7278147
2050,26254.68849,-1758.622987,28013.31148,9241.763804,-815.0878003,10056.8516,58440.05894,500.9171115,57939.14183,211.1087996,170.1968619,357.1669388
2051,25451.89005,-1841.376892,27293.26695,8845.196635,-882.5935509,9727.790186,58031.89998,296.9456405,57734.95434,209.0881809,168.9337575,354.3839135
2052,24649.09161,-1924.130797,26573.22241,8448.629467,-950.0993014,9398.728768,57623.74102,92.97416951,57530.76685,207.0675623,167.6706532,351.6008882
2053,23844.09373,-2007.111426,25851.20515,8050.975813,-1017.789999,9068.765812,57214.46381,-111.5561274,57326.01994,205.0414077,166.4040883,348.8102382
2054,23041.29529,-2089.865331,25131.16062,7654.408645,-1085.29575,8739.704395,56806.30485,-315.5275984,57121.83245,203.0207891,165.1409839,346.0272129
2055,22238.49684,-2172.619236,24411.11608,7257.841476,-1152.8015,8410.642977,56398.14589,-519.4990694,56917.64496,201.0001705,163.8778796,343.2441876
2056,21435.6984,-2255.373141,23691.07155,6861.274308,-1220.307251,8081.581559,55989.98693,-723.4705403,56713.45747,198.9795518,162.6147752,340.4611623
2057,20630.70052,-2338.35377,22969.05429,6463.620654,-1287.997949,7751.618603,55580.70972,-928.0008373,56508.71056,196.9533972,161.3482103,337.6705123
2058,19827.90208,-2421.107675,22249.00975,6067.053486,-1355.503699,7422.557185,55172.55076,-1131.972308,56304.52307,194.9327786,160.0851059,334.887487
2059,19025.10364,-2503.86158,21528.96522,5670.486317,-1423.00945,7093.495767,54764.3918,-1335.943779,56100.33558,192.91216,158.8220016,332.1044617
2060,18222.3052,-2586.615486,20808.92068,5273.919149,-1490.5152,6764.434349,54356.23283,-1539.91525,55896.14809,190.8915413,157.5588972,329.3214364
2061,17548.03367,-2586.350272,20134.38394,4947.909107,-1524.75704,6472.666147,53808.27803,-1607.171199,55415.44923,188.4413322,156.446851,328.0507665
2062,16875.60442,-2586.085784,19461.69021,4622.789803,-1558.905323,6181.695126,53261.82037,-1674.243387,54936.06376,185.9978176,155.3378431,326.7835683
2063,16203.17517,-2585.821295,18788.99647,4297.670499,-1593.053606,5890.724105,52715.36271,-1741.315576,54456.67829,183.554303,154.2288353,325.5163702
2064,15530.74592,-2585.556807,18116.30273,3972.551195,-1627.201888,5599.753084,52168.90505,-1808.387765,53977.29281,181.1107885,153.1198274,324.249172
2065,14856.4744,-2585.291594,17441.76599,3646.541154,-1661.443728,5307.984882,51620.95024,-1875.643714,53496.59396,178.6605793,152.0077812,322.9785021
2066,14184.04515,-2585.027105,16769.07225,3321.42185,-1695.592011,5017.013861,51074.49258,-1942.715903,53017.20849,176.2170647,150.8987733,321.711304
2067,13511.6159,-2584.762617,16096.37851,2996.302546,-1729.740294,4726.042839,50528.03492,-2009.788091,52537.82302,173.7735501,149.7897655,320.4441059
2068,12839.18664,-2584.498129,15423.68477,2671.183242,-1763.888576,4435.071818,49981.57726,-2076.86028,52058.43754,171.3300356,148.6807576,319.1769077
2069,12164.91512,-2584.232915,14749.14804,2345.1732,-1798.130416,4143.303616,49433.62246,-2144.116229,51577.73869,168.8798264,147.5687114,317.9062378
2070,11492.48587,-2583.968427,14076.4543,2020.053896,-1832.278699,3852.332595,48887.1648,-2211.188418,51098.35322,166.4363118,146.4597035,316.6390397
2071,10646.94529,-2569.269822,13216.21512,1698.117241,-1861.232946,3559.350187,47976.16311,-2329.739102,50305.90221,163.7253829,145.0392512,315.2666161
2072,9801.404717,-2554.571216,12355.97593,1376.180587,-1890.187193,3266.367779,47065.16142,-2448.289786,49513.4512,161.014454,143.6187989,313.8941925
2073,8953.54759,-2539.83234,11493.37993,1053.361914,-1919.220766,2972.58268,46151.66383,-2567.165266,48718.8291,158.2960979,142.194455,312.5180088
2074,8108.007013,-2525.133735,10633.14075,731.4252594,-1948.175013,2679.600272,45240.66214,-2685.71595,47926.37809,155.585169,140.7740027,311.1455852
2075,7262.466436,-2510.43513,9772.901565,409.4886048,-1977.12926,2386.617865,44329.66045,-2804.266635,47133.92709,152.8742401,139.3535504,309.7731616
2076,6416.925859,-2495.736524,8912.662383,87.55195023,-2006.083507,2093.635457,43418.65876,-2922.817319,46341.47608,150.1633112,137.9330981,308.400738
2077,5569.068732,-2480.997649,8050.066381,-235.2667226,-2035.11708,1799.850357,42505.16118,-3041.692799,45546.85398,147.4449551,136.5087542,307.0245543
2078,4723.528155,-2466.299043,7189.827198,-557.2033772,-2064.071327,1506.86795,41594.15949,-3160.243483,44754.40297,144.7340262,135.0883019,305.6521307
2079,3877.987578,-2451.600438,6329.588015,-879.1400318,-2093.025574,1213.885542,40683.1578,-3278.794167,43961.95196,142.0230973,133.6678496,304.2797071
2080,3032.447001,-2436.901832,5469.348833,-1201.076686,-2121.97982,920.9031341,39772.15611,-3397.344852,43169.50096,139.3121684,132.2473973,302.9072835
2081,2509.566089,-2401.612216,4911.178305,-1553.660345,-2132.097455,578.4371099,38687.90667,-3489.498828,42177.4055,138.3921606,131.0968877,302.4974036
2082,1988.113814,-2366.419019,4354.532833,-1905.28066,-2142.187445,236.9067852,37606.61967,-3581.401017,41188.02069,137.4746665,129.9495217,302.0886437
2083,1466.661539,-2331.225822,3797.887361,-2256.900975,-2152.277435,-104.6235395,36525.33267,-3673.303206,40198.63588,136.5571724,128.8021556,301.6798837
2084,945.2092642,-2296.032625,3241.241889,-2608.52129,-2162.367426,-446.1538642,35444.04567,-3765.205396,39209.25107,135.6396783,127.6547895,301.2711237
2085,422.3283528,-2260.743009,2683.071362,-2961.104948,-2172.48506,-788.6198884,34359.79624,-3857.359372,38217.15561,134.7196705,126.50428,300.8612438
2086,-99.12392216,-2225.549812,2126.42589,-3312.725263,-2182.57505,-1130.150213,33278.50924,-3949.261561,37227.7708,133.8021764,125.3569139,300.4524838
2087,-620.5761972,-2190.356615,1569.780418,-3664.345578,-2192.66504,-1471.680538,32197.22224,-4041.163751,36238.38599,132.8846823,124.2095478,300.0437239
2088,-1142.028472,-2155.163418,1013.134946,-4015.965893,-2202.755031,-1813.210862,31115.93524,-4133.06594,35249.00118,131.9671882,123.0621817,299.6349639
2089,-1664.909384,-2119.873802,454.9644182,-4368.549552,-2212.872665,-2155.676887,30031.68581,-4225.219916,34256.90572,131.0471804,121.9116722,299.225084
2090,-2186.361659,-2084.680605,-101.6810536,-4720.169867,-2222.962655,-2497.207211,28950.39881,-4317.122105,33267.52091,130.1296863,120.7643061,298.816324
2091,-2238.567996,-2166.071523,-72.49647301,-5075.74125,-2238.801069,-2836.940181,28246.19987,-4365.391143,32611.59101,129.3366864,119.8604953,298.4501859
2092,-2290.774333,-2247.46244,-43.31189241,-5431.312633,-2254.639482,-3176.673151,27542.00093,-4413.66018,31955.66111,128.5436866,118.9566846,298.0840478
2093,-2343.123701,-2329.076347,-14.04735405,-5787.858184,-2270.521289,-3517.336896,26835.87268,-4462.061462,31297.93414,127.7485142,118.0503976,297.7169065
2094,-2395.330038,-2410.467265,15.13722655,-6143.429567,-2286.359702,-3857.069865,26131.67374,-4510.3305,30642.00424,126.9555144,117.1465869,297.3507684
2095,-2447.536375,-2491.858182,44.32180715,-6499.000951,-2302.198115,-4196.802835,25427.47481,-4558.599537,29986.07434,126.1625146,116.2427761,296.9846303
2096,-2499.742712,-2573.2491,73.50638775,-6854.572334,-2318.036529,-4536.535805,24723.27587,-4606.868575,29330.14444,125.3695148,115.3389653,296.6184922
2097,-2552.092081,-2654.863007,102.7709261,-7211.117885,-2333.918335,-4877.19955,24017.14762,-4655.269856,28672.41747,124.5743423,114.4326784,296.251351
2098,-2604.298418,-2736.253924,131.9555067,-7566.689268,-2349.756749,-5216.932519,23312.94868,-4703.538894,28016.48757,123.7813425,113.5288676,295.8852128
2099,-2656.504755,-2817.644842,161.1400873,-7922.260651,-2365.595162,-5556.665489,22608.74974,-4751.807932,27360.55767,122.9883427,112.6250569,295.5190747
2100,-2708.711092,-2899.03576,190.3246679,-8277.832034,-2381.433576,-5896.398459,21904.5508,-4800.076969,26704.62777,122.1953429,111.7212461,295.1529366